state,population,latitude,longitude,gestation_8_duration,gestation_8_duration_closed,gestation_12_duration,gestation_12_duration_closed,gestation_16_duration,gestation_16_duration_closed,gestation_20_duration,gestation_20_duration_closed,"% change in abortion rate (the no. of abortions per 1,000 women aged 15-44), by state of occurrence, 2011-2014","% change in the no. of clinics, 2011-2014","% of all U.S. abortions, by state of occurrence, 2014","% of counties without a known clinic, 2014 [2]","% of women aged 15-44 living in a county without a clinic, 2014 [4]","Abortion rate (the no. of abortions per 1,000 women aged 15-44), by state of occurrence, 2014","Abortion rate (the no. of abortions per 1,000 women aged 15-44), by state of residence, 2014 [1]","Change in the no. of clinics, 2011-2014","No. of abortions, by state of occurrence, 2014 [3]","No. of abortions, by state of residence, 2014 [5]","No. of clinics, 2014"
New York,8550405,40.712784,-74.005941,0,0,0,0,0,0,0,0,-13,1,12.9,44,10,29.6,29,1,"119,940","117,580",95
New York,258071,42.886447,-78.87836899999999,0,0,0,0,0,0,6,7,-13,1,12.9,44,10,29.6,29,1,"119,940","117,580",95
New York,209802,43.16103,-77.610922,0,0,0,2,2,2,8,8,-13,1,12.9,44,10,29.6,29,1,"119,940","117,580",95
New York,201116,40.93121,-73.898747,0,0,0,0,0,0,0,0,-13,1,12.9,44,10,29.6,29,1,"119,940","117,580",95
New York,144142,43.048122,-76.147424,0,1,0,1,3,4,6,6,-13,1,12.9,44,10,29.6,29,1,"119,940","117,580",95
New York,98469,42.652578999999996,-73.756232,0,0,0,0,0,2,2,3,-13,1,12.9,44,10,29.6,29,1,"119,940","117,580",95
New York,65305,42.814243,-73.93956899999999,0,0,0,0,0,3,3,4,-13,1,12.9,44,10,29.6,29,1,"119,940","117,580",95
New York,61100,43.100903,-75.232664,0,1,0,1,2,5,5,6,-13,1,12.9,44,10,29.6,29,1,"119,940","117,580",95
New York,58459,41.033986,-73.76290999999999,0,0,0,0,0,0,0,0,-13,1,12.9,44,10,29.6,29,1,"119,940","117,580",95
New York,55547,40.706213,-73.61874,0,0,0,0,0,0,0,0,-13,1,12.9,44,10,29.6,29,1,"119,940","117,580",95
California,3971883,34.052234000000006,-118.24368500000001,0,0,0,0,0,0,0,0,-15,-5,17,43,5,19.5,19,-8,"157,350","154,660",152
California,1394928,32.715738,-117.161084,0,0,0,0,0,0,0,0,-15,-5,17,43,5,19.5,19,-8,"157,350","154,660",152
California,1026908,37.338208,-121.886329,0,0,0,0,0,0,0,1,-15,-5,17,43,5,19.5,19,-8,"157,350","154,660",152
California,864816,37.774929,-122.41941499999999,0,0,0,0,0,0,0,0,-15,-5,17,43,5,19.5,19,-8,"157,350","154,660",152
California,520052,36.746842,-119.77258700000002,0,0,0,0,0,0,0,3,-15,-5,17,43,5,19.5,19,-8,"157,350","154,660",152
California,490712,38.581571999999994,-121.4944,0,0,0,0,0,0,0,0,-15,-5,17,43,5,19.5,19,-8,"157,350","154,660",152
California,474140,33.77005,-118.19373999999999,0,0,0,0,0,0,0,0,-15,-5,17,43,5,19.5,19,-8,"157,350","154,660",152
California,419267,37.804364,-122.27111399999998,0,0,0,0,0,0,0,0,-15,-5,17,43,5,19.5,19,-8,"157,350","154,660",152
California,373640,35.373292,-119.01871299999999,0,3,0,3,0,3,0,2,-15,-5,17,43,5,19.5,19,-8,"157,350","154,660",152
California,350742,33.836593,-117.914301,0,0,0,0,0,0,0,0,-15,-5,17,43,5,19.5,19,-8,"157,350","154,660",152
California,335400,33.745472,-117.867653,0,0,0,0,0,0,0,0,-15,-5,17,43,5,19.5,19,-8,"157,350","154,660",152
California,322424,33.953348999999996,-117.396156,0,0,0,0,0,0,0,0,-15,-5,17,43,5,19.5,19,-8,"157,350","154,660",152
California,305658,37.957702000000005,-121.29078,0,0,0,1,0,1,1,1,-15,-5,17,43,5,19.5,19,-8,"157,350","154,660",152
California,265757,32.640054,-117.08419599999999,0,0,0,0,0,0,0,0,-15,-5,17,43,5,19.5,19,-8,"157,350","154,660",152
California,256927,33.684567,-117.82650500000001,0,0,0,0,0,0,0,0,-15,-5,17,43,5,19.5,19,-8,"157,350","154,660",152
California,232206,37.54827,-121.98857199999999,0,0,0,0,0,1,1,1,-15,-5,17,43,5,19.5,19,-8,"157,350","154,660",152
California,216108,34.108345,-117.28976499999999,0,0,0,0,0,0,0,0,-15,-5,17,43,5,19.5,19,-8,"157,350","154,660",152
California,211266,37.639097,-120.99687800000001,0,0,0,1,0,1,0,2,-15,-5,17,43,5,19.5,19,-8,"157,350","154,660",152
California,207254,34.197505,-119.177052,0,0,0,0,0,0,0,1,-15,-5,17,43,5,19.5,19,-8,"157,350","154,660",152
California,207460,34.092233,-117.435048,0,0,0,0,0,0,0,0,-15,-5,17,43,5,19.5,19,-8,"157,350","154,660",152
California,204198,33.942465999999996,-117.229672,0,0,0,0,0,0,0,0,-15,-5,17,43,5,19.5,19,-8,"157,350","154,660",152
California,201899,33.659484,-117.99880300000001,0,0,0,0,0,0,0,0,-15,-5,17,43,5,19.5,19,-8,"157,350","154,660",152
California,201020,34.142508,-118.255075,0,0,0,0,0,0,0,0,-15,-5,17,43,5,19.5,19,-8,"157,350","154,660",152
California,182371,34.391664,-118.54258600000001,0,0,0,0,0,1,0,1,-15,-5,17,43,5,19.5,19,-8,"157,350","154,660",152
California,175393,33.774269,-117.937995,0,0,0,0,0,0,0,0,-15,-5,17,43,5,19.5,19,-8,"157,350","154,660",152
California,175691,33.19587,-117.37948300000001,0,0,1,1,1,1,1,1,-15,-5,17,43,5,19.5,19,-8,"157,350","154,660",152
California,174972,38.440428999999995,-122.714055,0,1,0,1,2,2,2,2,-15,-5,17,43,5,19.5,19,-8,"157,350","154,660",152
California,175236,34.839964,-115.967051,0,0,0,0,0,0,0,1,-15,-5,17,43,5,19.5,19,-8,"157,350","154,660",152
California,171214,34.063344,-117.650888,0,0,0,0,0,0,0,0,-15,-5,17,43,5,19.5,19,-8,"157,350","154,660",152
California,166913,38.408799,-121.371618,0,0,0,0,0,0,0,1,-15,-5,17,43,5,19.5,19,-8,"157,350","154,660",152
California,161103,34.686785,-118.15416299999998,1,1,1,1,1,1,1,2,-15,-5,17,43,5,19.5,19,-8,"157,350","154,660",152
California,164226,33.875293,-117.56643799999999,0,0,0,0,0,0,0,0,-15,-5,17,43,5,19.5,19,-8,"157,350","154,660",152
California,158351,34.579434,-118.11646100000002,1,1,1,1,1,1,1,1,-15,-5,17,43,5,19.5,19,-8,"157,350","154,660",152
California,157380,36.677737,-121.655501,0,0,0,1,0,1,1,3,-15,-5,17,43,5,19.5,19,-8,"157,350","154,660",152
California,158289,37.668821,-122.08079599999999,0,0,0,0,0,0,0,0,-15,-5,17,43,5,19.5,19,-8,"157,350","154,660",152
California,153266,34.055103,-117.749991,0,0,0,0,0,0,0,1,-15,-5,17,43,5,19.5,19,-8,"157,350","154,660",152
California,151451,33.119207,-117.086421,0,0,0,1,0,1,0,1,-15,-5,17,43,5,19.5,19,-8,"157,350","154,660",152
California,151754,37.368829999999996,-122.03635,0,0,0,0,0,0,0,1,-15,-5,17,43,5,19.5,19,-8,"157,350","154,660",152
California,148475,33.835848999999996,-118.340629,0,0,0,0,0,0,0,0,-15,-5,17,43,5,19.5,19,-8,"157,350","154,660",152
California,140992,33.787914,-117.853101,0,0,0,0,0,0,0,0,-15,-5,17,43,5,19.5,19,-8,"157,350","154,660",152
California,142250,34.147785,-118.14451499999998,0,0,0,0,0,0,0,0,-15,-5,17,43,5,19.5,19,-8,"157,350","154,660",152
California,140847,33.870365,-117.92421200000001,0,0,0,0,0,0,0,0,-15,-5,17,43,5,19.5,19,-8,"157,350","154,660",152
California,129339,34.170561,-118.837594,0,0,0,0,0,0,0,0,-15,-5,17,43,5,19.5,19,-8,"157,350","154,660",152
California,130104,36.330228000000005,-119.29205800000001,1,1,1,1,1,1,1,2,-15,-5,17,43,5,19.5,19,-8,"157,350","154,660",152
California,130269,38.752124,-121.28800600000001,0,0,0,0,0,0,0,0,-15,-5,17,43,5,19.5,19,-8,"157,350","154,660",152
California,126788,34.269447,-118.78148200000001,0,0,0,0,0,0,0,0,-15,-5,17,43,5,19.5,19,-8,"157,350","154,660",152
California,128667,37.977978,-122.03107299999999,0,0,0,0,0,0,0,0,-15,-5,17,43,5,19.5,19,-8,"157,350","154,660",152
California,122225,34.536218,-117.29276399999999,0,1,1,1,1,1,1,1,-15,-5,17,43,5,19.5,19,-8,"157,350","154,660",152
California,126215,37.354108000000004,-121.95523600000001,0,0,0,0,0,0,0,1,-15,-5,17,43,5,19.5,19,-8,"157,350","154,660",152
California,121253,38.104085999999995,-122.25663700000001,0,0,0,0,0,0,1,1,-15,-5,17,43,5,19.5,19,-8,"157,350","154,660",152
California,120972,37.871593,-122.272747,0,0,0,0,0,0,0,0,-15,-5,17,43,5,19.5,19,-8,"157,350","154,660",152
California,116732,34.068621,-118.02756699999999,0,0,0,0,0,0,0,0,-15,-5,17,43,5,19.5,19,-8,"157,350","154,660",152
California,114219,33.940109,-118.133159,0,0,0,0,0,0,0,0,-15,-5,17,43,5,19.5,19,-8,"157,350","154,660",152
California,113204,33.641216,-117.91882199999999,0,0,0,0,0,0,0,0,-15,-5,17,43,5,19.5,19,-8,"157,350","154,660",152
California,111666,33.96168,-118.353131,0,0,0,0,0,0,0,0,-15,-5,17,43,5,19.5,19,-8,"157,350","154,660",152
California,113453,33.158093,-117.350594,0,0,0,1,0,1,0,1,-15,-5,17,43,5,19.5,19,-8,"157,350","154,660",152
California,112970,38.249358,-122.03996599999999,0,0,0,1,0,1,1,1,-15,-5,17,43,5,19.5,19,-8,"157,350","154,660",152
California,109708,34.274646000000004,-119.229032,0,0,0,0,0,0,0,1,-15,-5,17,43,5,19.5,19,-8,"157,350","154,660",152
California,108484,34.068621,-117.938953,0,0,0,0,0,0,0,0,-15,-5,17,43,5,19.5,19,-8,"157,350","154,660",152
California,109708,37.935758,-122.347749,0,0,0,0,0,0,0,0,-15,-5,17,43,5,19.5,19,-8,"157,350","154,660",152
California,109830,33.553914,-117.213923,0,1,0,1,0,1,0,1,-15,-5,17,43,5,19.5,19,-8,"157,350","154,660",152
California,110542,38.004921,-121.80578899999999,0,0,0,0,0,1,1,1,-15,-5,17,43,5,19.5,19,-8,"157,350","154,660",152
California,112011,33.493639,-117.14836499999998,0,0,0,1,0,1,0,1,-15,-5,17,43,5,19.5,19,-8,"157,350","154,660",152
California,107140,33.902237,-118.08173300000001,0,0,0,0,0,0,0,0,-15,-5,17,43,5,19.5,19,-8,"157,350","154,660",152
California,106562,37.687924,-122.47020800000001,0,0,0,0,0,0,0,0,-15,-5,17,43,5,19.5,19,-8,"157,350","154,660",152
California,105319,34.180839,-118.308966,0,0,0,0,0,0,0,0,-15,-5,17,43,5,19.5,19,-8,"157,350","154,660",152
California,105093,34.953034,-120.43571899999999,0,1,1,2,1,2,3,4,-15,-5,17,43,5,19.5,19,-8,"157,350","154,660",152
California,103679,32.794773,-116.96252700000001,0,0,0,0,0,0,0,0,-15,-5,17,43,5,19.5,19,-8,"157,350","154,660",152
California,103132,34.1064,-117.370323,0,0,0,0,0,0,0,0,-15,-5,17,43,5,19.5,19,-8,"157,350","154,660",152
California,103536,37.562992,-122.325525,0,0,0,0,1,1,1,1,-15,-5,17,43,5,19.5,19,-8,"157,350","154,660",152
California,104180,36.825228,-119.702919,0,0,0,0,0,0,0,3,-15,-5,17,43,5,19.5,19,-8,"157,350","154,660",152
California,100314,33.997197,-117.48548000000001,0,0,0,0,0,0,0,0,-15,-5,17,43,5,19.5,19,-8,"157,350","154,660",152
California,98462,33.895849,-118.22007099999999,0,0,0,0,0,0,0,0,-15,-5,17,43,5,19.5,19,-8,"157,350","154,660",152
California,100890,33.200037,-117.24253600000002,0,0,1,1,1,1,1,1,-15,-5,17,43,5,19.5,19,-8,"157,350","154,660",152
California,97156,33.596891,-117.658156,0,0,0,0,0,0,0,0,-15,-5,17,43,5,19.5,19,-8,"157,350","154,660",152
California,96401,33.954737,-118.21201599999999,0,0,0,0,0,0,0,0,-15,-5,17,43,5,19.5,19,-8,"157,350","154,660",152
California,96803,38.356577,-121.98774399999999,0,0,0,1,0,1,1,1,-15,-5,17,43,5,19.5,19,-8,"157,350","154,660",152
California,93281,33.831674,-118.28169299999999,0,0,0,0,0,0,0,0,-15,-5,17,43,5,19.5,19,-8,"157,350","154,660",152
California,93220,34.019453999999996,-118.49119099999999,0,0,0,0,0,0,0,0,-15,-5,17,43,5,19.5,19,-8,"157,350","154,660",152
California,93295,34.426389,-117.300878,0,1,1,1,1,1,1,1,-15,-5,17,43,5,19.5,19,-8,"157,350","154,660",152
California,92114,33.759176000000004,-117.98970600000001,0,0,0,0,0,0,0,0,-15,-5,17,43,5,19.5,19,-8,"157,350","154,660",152
California,91582,40.58654,-122.391675,0,0,0,2,0,2,5,5,-15,-5,17,43,5,19.5,19,-8,"157,350","154,660",152
California,91842,34.420831,-119.69819,0,1,0,1,0,1,1,2,-15,-5,17,43,5,19.5,19,-8,"157,350","154,660",152
California,92931,33.143372,-117.166145,0,0,0,1,0,1,0,1,-15,-5,17,43,5,19.5,19,-8,"157,350","154,660",152
California,90316,39.728494,-121.837478,0,0,0,0,0,0,3,3,-15,-5,17,43,5,19.5,19,-8,"157,350","154,660",152
California,90712,37.72493,-122.156077,0,0,0,0,0,0,0,0,-15,-5,17,43,5,19.5,19,-8,"157,350","154,660",152
California,87127,33.618883000000004,-117.929849,0,0,0,0,0,0,0,0,-15,-5,17,43,5,19.5,19,-8,"157,350","154,660",152
California,87438,33.979178999999995,-118.032844,0,0,0,0,0,0,0,1,-15,-5,17,43,5,19.5,19,-8,"157,350","154,660",152
California,88451,33.916403,-118.352575,0,0,0,0,0,0,0,0,-15,-5,17,43,5,19.5,19,-8,"157,350","154,660",152
California,87056,38.707125,-121.28106100000001,0,0,0,0,0,0,0,0,-15,-5,17,43,5,19.5,19,-8,"157,350","154,660",152
California,88126,37.681874,-121.768009,0,0,1,1,1,1,1,1,-15,-5,17,43,5,19.5,19,-8,"157,350","154,660",152
California,87075,37.739651,-121.425223,0,0,0,1,0,1,1,1,-15,-5,17,43,5,19.5,19,-8,"157,350","154,660",152
California,85551,34.095287,-118.12701499999999,0,0,0,0,0,0,0,0,-15,-5,17,43,5,19.5,19,-8,"157,350","154,660",152
California,87533,33.720577,-116.215562,0,2,0,2,2,2,2,2,-15,-5,17,43,5,19.5,19,-8,"157,350","154,660",152
California,87174,33.697146999999994,-117.185294,0,0,0,1,0,1,0,1,-15,-5,17,43,5,19.5,19,-8,"157,350","154,660",152
California,83270,33.867404,-117.998139,0,0,0,0,0,0,0,0,-15,-5,17,43,5,19.5,19,-8,"157,350","154,660",152
California,83861,33.74752,-116.97196799999999,0,1,1,1,1,1,1,1,-15,-5,17,43,5,19.5,19,-8,"157,350","154,660",152
California,81611,33.853627,-118.13395600000001,0,0,0,0,0,0,0,0,-15,-5,17,43,5,19.5,19,-8,"157,350","154,660",152
California,82436,37.302163,-120.482968,1,1,1,1,1,1,1,1,-15,-5,17,43,5,19.5,19,-8,"157,350","154,660",152
California,85595,34.012235,-117.68894399999999,0,0,0,0,0,0,0,0,-15,-5,17,43,5,19.5,19,-8,"157,350","154,660",152
California,85288,37.485215000000004,-122.236355,0,0,0,0,0,1,1,1,-15,-5,17,43,5,19.5,19,-8,"157,350","154,660",152
California,82492,33.646944,-117.686102,0,0,0,0,0,0,0,0,-15,-5,17,43,5,19.5,19,-8,"157,350","154,660",152
California,80434,38.297538,-122.28686499999999,0,0,0,1,0,1,1,1,-15,-5,17,43,5,19.5,19,-8,"157,350","154,660",152
California,80583,33.742001,-117.82363899999999,0,0,0,0,0,0,0,0,-15,-5,17,43,5,19.5,19,-8,"157,350","154,660",152
California,80435,37.386052,-122.083851,0,0,0,0,0,0,0,1,-15,-5,17,43,5,19.5,19,-8,"157,350","154,660",152
California,78441,33.881682,-118.11701200000002,0,0,0,0,0,0,0,0,-15,-5,17,43,5,19.5,19,-8,"157,350","154,660",152
California,77071,34.085287,-117.960898,0,0,0,0,0,0,0,0,-15,-5,17,43,5,19.5,19,-8,"157,350","154,660",152
California,78309,33.989819,-117.73258500000001,0,0,0,0,0,0,0,0,-15,-5,17,43,5,19.5,19,-8,"157,350","154,660",152
California,78630,37.765206,-122.24163600000001,0,0,0,0,0,0,0,0,-15,-5,17,43,5,19.5,19,-8,"157,350","154,660",152
California,76443,34.09751,-117.64838799999998,0,0,0,0,0,0,0,0,-15,-5,17,43,5,19.5,19,-8,"157,350","154,660",152
California,76134,37.779927,-121.97801499999998,0,0,0,0,0,0,0,1,-15,-5,17,43,5,19.5,19,-8,"157,350","154,660",152
California,79510,37.662431,-121.874679,0,0,0,0,1,1,1,1,-15,-5,17,43,5,19.5,19,-8,"157,350","154,660",152
California,76375,38.677959,-121.17605800000001,0,0,0,0,0,0,0,0,-15,-5,17,43,5,19.5,19,-8,"157,350","154,660",152
California,74494,37.593392,-122.04383,0,0,0,0,0,0,0,0,-15,-5,17,43,5,19.5,19,-8,"157,350","154,660",152
California,74971,33.782519,-117.22864799999999,0,0,0,0,0,0,0,0,-15,-5,17,43,5,19.5,19,-8,"157,350","154,660",152
California,75448,37.797427,-121.216053,0,0,0,0,0,0,0,2,-15,-5,17,43,5,19.5,19,-8,"157,350","154,660",152
California,71989,33.930293,-118.21146,0,0,0,0,0,0,0,0,-15,-5,17,43,5,19.5,19,-8,"157,350","154,660",152
California,72174,34.500831,-117.18587600000001,0,1,1,1,1,1,1,1,-15,-5,17,43,5,19.5,19,-8,"157,350","154,660",152
California,72292,37.494657000000004,-120.846594,0,0,0,1,0,1,0,2,-15,-5,17,43,5,19.5,19,-8,"157,350","154,660",152
California,71035,34.055569,-117.182538,0,0,0,0,0,0,0,0,-15,-5,17,43,5,19.5,19,-8,"157,350","154,660",152
California,77604,37.432334000000004,-121.899574,0,0,0,0,0,0,0,1,-15,-5,17,43,5,19.5,19,-8,"157,350","154,660",152
California,71017,38.589071999999994,-121.302728,0,0,0,0,0,0,0,0,-15,-5,17,43,5,19.5,19,-8,"157,350","154,660",152
California,68166,33.849182,-118.38840800000001,0,0,0,0,0,0,0,0,-15,-5,17,43,5,19.5,19,-8,"157,350","154,660",152
California,67973,33.888504,-117.81325700000001,0,0,0,0,0,0,0,0,-15,-5,17,43,5,19.5,19,-8,"157,350","154,660",152
California,68910,37.910078000000006,-122.06518200000001,0,0,0,0,0,0,0,0,-15,-5,17,43,5,19.5,19,-8,"157,350","154,660",152
California,69424,38.027976,-121.884681,0,0,0,0,0,1,1,1,-15,-5,17,43,5,19.5,19,-8,"157,350","154,660",152
California,66853,37.441883000000004,-122.143019,0,0,0,0,0,0,0,1,-15,-5,17,43,5,19.5,19,-8,"157,350","154,660",152
California,67666,38.544907,-121.740517,0,0,0,1,0,1,1,1,-15,-5,17,43,5,19.5,19,-8,"157,350","154,660",152
California,67271,37.654656,-122.40775,0,0,0,0,0,0,0,0,-15,-5,17,43,5,19.5,19,-8,"157,350","154,660",152
California,67608,34.216394,-119.037602,0,0,0,0,0,0,0,1,-15,-5,17,43,5,19.5,19,-8,"157,350","154,660",152
California,66941,39.140448,-121.61691100000002,0,1,1,1,1,1,1,1,-15,-5,17,43,5,19.5,19,-8,"157,350","154,660",152
California,65526,33.427352,-117.6126,0,0,1,1,1,1,1,1,-15,-5,17,43,5,19.5,19,-8,"157,350","154,660",152
California,65806,33.523674,-117.71494399999999,0,0,0,1,0,1,0,1,-15,-5,17,43,5,19.5,19,-8,"157,350","154,660",152
California,64218,33.983069,-118.09673500000001,0,0,0,0,0,0,0,0,-15,-5,17,43,5,19.5,19,-8,"157,350","154,660",152
California,63921,34.016505,-118.113754,0,0,0,0,0,0,0,0,-15,-5,17,43,5,19.5,19,-8,"157,350","154,660",152
California,64596,38.134147999999996,-121.27221899999999,0,0,0,1,0,1,1,1,-15,-5,17,43,5,19.5,19,-8,"157,350","154,660",152
California,64208,36.961335999999996,-120.060718,0,0,0,0,0,0,0,2,-15,-5,17,43,5,19.5,19,-8,"157,350","154,660",152
California,64220,36.974117,-122.030796,0,0,0,1,1,1,1,2,-15,-5,17,43,5,19.5,19,-8,"157,350","154,660",152
California,62131,33.931859,-117.94613700000001,0,0,0,0,0,0,0,0,-15,-5,17,43,5,19.5,19,-8,"157,350","154,660",152
California,62930,33.036986999999996,-117.291982,0,0,0,0,0,0,0,0,-15,-5,17,43,5,19.5,19,-8,"157,350","154,660",152
California,62315,36.207729,-119.347338,1,1,1,1,1,1,1,2,-15,-5,17,43,5,19.5,19,-8,"157,350","154,660",152
California,61468,34.062511,-118.122848,0,0,0,0,0,0,0,0,-15,-5,17,43,5,19.5,19,-8,"157,350","154,660",152
California,60572,37.322998,-122.032182,0,0,0,0,0,0,0,1,-15,-5,17,43,5,19.5,19,-8,"157,350","154,660",152
California,60447,33.888349,-118.30896200000001,0,0,0,0,0,0,0,0,-15,-5,17,43,5,19.5,19,-8,"157,350","154,660",152
California,61060,32.678109,-117.099197,0,0,0,0,0,0,0,0,-15,-5,17,43,5,19.5,19,-8,"157,350","154,660",152
California,61213,38.790734,-121.23578300000001,0,0,0,0,0,0,0,0,-15,-5,17,43,5,19.5,19,-8,"157,350","154,660",152
California,60438,38.232417,-122.636652,0,0,0,0,1,1,1,1,-15,-5,17,43,5,19.5,19,-8,"157,350","154,660",152
California,59162,37.973535,-122.53108700000001,0,0,0,0,0,1,0,1,-15,-5,17,43,5,19.5,19,-8,"157,350","154,660",152
California,59430,33.981681,-118.225072,0,0,0,0,0,0,0,0,-15,-5,17,43,5,19.5,19,-8,"157,350","154,660",152
California,60089,32.767829,-117.02308400000001,0,0,0,0,0,0,0,0,-15,-5,17,43,5,19.5,19,-8,"157,350","154,660",152
California,58408,34.139728999999996,-118.03534499999999,0,0,0,0,0,0,0,0,-15,-5,17,43,5,19.5,19,-8,"157,350","154,660",152
California,61981,33.668077000000004,-117.327262,0,0,0,0,0,0,0,0,-15,-5,17,43,5,19.5,19,-8,"157,350","154,660",152
California,56987,33.709021,-117.954407,0,0,0,0,0,0,0,0,-15,-5,17,43,5,19.5,19,-8,"157,350","154,660",152
California,58567,38.678515999999995,-121.773297,0,0,1,1,1,1,1,1,-15,-5,17,43,5,19.5,19,-8,"157,350","154,660",152
California,56897,34.028622999999996,-117.810337,0,0,0,0,0,0,0,0,-15,-5,17,43,5,19.5,19,-8,"157,350","154,660",152
California,57787,32.838383,-116.97391699999999,0,0,0,0,0,0,0,0,-15,-5,17,43,5,19.5,19,-8,"157,350","154,660",152
California,59039,33.952463,-117.584802,0,0,0,0,0,0,0,0,-15,-5,17,43,5,19.5,19,-8,"157,350","154,660",152
California,56058,36.06523,-119.016768,1,2,1,2,1,2,1,2,-15,-5,17,43,5,19.5,19,-8,"157,350","154,660",152
California,58968,37.931868,-121.69578600000001,0,0,1,1,1,1,1,1,-15,-5,17,43,5,19.5,19,-8,"157,350","154,660",152
California,55412,33.88946,-118.159791,0,0,0,0,0,0,0,0,-15,-5,17,43,5,19.5,19,-8,"157,350","154,660",152
California,55659,36.32745,-119.645684,1,1,1,1,1,1,1,2,-15,-5,17,43,5,19.5,19,-8,"157,350","154,660",152
California,54908,34.080565,-118.072846,0,0,0,0,0,0,0,0,-15,-5,17,43,5,19.5,19,-8,"157,350","154,660",152
California,54854,34.128344,-117.208651,0,0,0,0,0,0,0,0,-15,-5,17,43,5,19.5,19,-8,"157,350","154,660",152
California,55530,38.10742,-122.569703,0,1,0,1,1,1,1,1,-15,-5,17,43,5,19.5,19,-8,"157,350","154,660",152
California,54621,34.073902000000004,-117.31365500000001,0,0,0,0,0,0,0,0,-15,-5,17,43,5,19.5,19,-8,"157,350","154,660",152
California,53826,33.780539000000005,-116.46680400000001,0,2,0,2,2,2,2,2,-15,-5,17,43,5,19.5,19,-8,"157,350","154,660",152
California,53328,34.033625,-117.04308700000001,0,0,0,0,0,0,0,0,-15,-5,17,43,5,19.5,19,-8,"157,350","154,660",152
California,53628,36.910231,-121.756895,0,0,0,1,1,1,1,3,-15,-5,17,43,5,19.5,19,-8,"157,350","154,660",152
California,52733,35.768842,-119.247054,1,2,1,2,1,2,1,2,-15,-5,17,43,5,19.5,19,-8,"157,350","154,660",152
California,52495,33.871072999999996,-117.862755,0,0,0,0,0,0,0,0,-15,-5,17,43,5,19.5,19,-8,"157,350","154,660",152
California,57721,37.702152000000005,-121.93579199999999,0,0,0,0,0,0,0,0,-15,-5,17,43,5,19.5,19,-8,"157,350","154,660",152
California,53231,37.005782,-121.568275,0,0,1,1,1,1,1,2,-15,-5,17,43,5,19.5,19,-8,"157,350","154,660",152
California,52009,34.136119,-117.86533899999999,0,0,0,0,0,0,0,1,-15,-5,17,43,5,19.5,19,-8,"157,350","154,660",152
California,51869,33.722245,-116.37445600000001,0,2,0,2,2,2,2,2,-15,-5,17,43,5,19.5,19,-8,"157,350","154,660",152
California,50195,33.568461,-117.726298,0,0,0,0,0,0,0,0,-15,-5,17,43,5,19.5,19,-8,"157,350","154,660",152
California,52721,38.580461,-121.53023400000001,0,0,0,0,0,0,0,0,-15,-5,17,43,5,19.5,19,-8,"157,350","154,660",152
California,50157,32.962823,-117.03586499999999,0,0,0,1,0,0,0,0,-15,-5,17,43,5,19.5,19,-8,"157,350","154,660",152
Illinois,2720546,41.878114000000004,-87.629798,0,0,0,0,0,0,0,0,-4,-8,4.6,92,40,16.3,15,-2,"42,270","40,120",24
Illinois,200661,41.760585,-88.320072,0,0,0,0,0,0,1,1,-4,-8,4.6,92,40,16.3,15,-2,"42,270","40,120",24
Illinois,148278,42.271131,-89.09399499999999,2,2,2,2,2,2,2,2,-4,-8,4.6,92,40,16.3,15,-2,"42,270","40,120",24
Illinois,147861,41.525031,-88.081725,0,1,0,1,0,1,1,1,-4,-8,4.6,92,40,16.3,15,-2,"42,270","40,120",24
Illinois,147100,41.750839,-88.15353499999999,0,0,0,0,0,0,1,1,-4,-8,4.6,92,40,16.3,15,-2,"42,270","40,120",24
Illinois,116565,39.781721000000005,-89.650148,0,1,0,2,0,2,2,2,-4,-8,4.6,92,40,16.3,15,-2,"42,270","40,120",24
Illinois,115070,40.693649,-89.588986,0,2,0,2,2,2,2,4,-4,-8,4.6,92,40,16.3,15,-2,"42,270","40,120",24
Illinois,112111,42.035408000000004,-88.282567,1,1,1,1,1,1,1,1,-4,-8,4.6,92,40,16.3,15,-2,"42,270","40,120",24
Illinois,88475,42.363633,-87.844794,1,1,1,1,1,1,1,1,-4,-8,4.6,92,40,16.3,15,-2,"42,270","40,120",24
Illinois,83886,41.845588,-87.753945,0,0,0,0,0,0,0,0,-4,-8,4.6,92,40,16.3,15,-2,"42,270","40,120",24
Illinois,86096,40.11642,-88.243383,0,0,0,2,0,2,0,4,-4,-8,4.6,92,40,16.3,15,-2,"42,270","40,120",24
Illinois,78292,40.484203,-88.993687,1,1,1,1,1,2,1,4,-4,-8,4.6,92,40,16.3,15,-2,"42,270","40,120",24
Illinois,75926,42.088359999999994,-87.980627,0,0,0,0,0,0,0,0,-4,-8,4.6,92,40,16.3,15,-2,"42,270","40,120",24
Illinois,75527,42.045072,-87.687697,0,0,0,0,0,0,0,0,-4,-8,4.6,92,40,16.3,15,-2,"42,270","40,120",24
Illinois,74693,42.033361,-88.08340600000001,0,0,0,0,0,0,0,0,-4,-8,4.6,92,40,16.3,15,-2,"42,270","40,120",24
Illinois,73254,39.840315000000004,-88.9548,0,1,1,1,1,1,1,4,-4,-8,4.6,92,40,16.3,15,-2,"42,270","40,120",24
Illinois,74306,41.698642,-88.068395,0,0,0,0,0,0,1,1,-4,-8,4.6,92,40,16.3,15,-2,"42,270","40,120",24
Illinois,69308,42.110304,-88.03424,0,0,0,0,0,0,0,0,-4,-8,4.6,92,40,16.3,15,-2,"42,270","40,120",24
Illinois,64821,42.032403,-87.741625,0,0,0,0,0,0,0,0,-4,-8,4.6,92,40,16.3,15,-2,"42,270","40,120",24
Illinois,58677,42.033362,-87.883399,0,0,0,0,0,0,0,0,-4,-8,4.6,92,40,16.3,15,-2,"42,270","40,120",24
Illinois,58619,41.630309999999994,-87.853943,0,1,0,1,0,1,1,1,-4,-8,4.6,92,40,16.3,15,-2,"42,270","40,120",24
Illinois,57143,41.573144,-87.79329399999999,0,0,0,0,0,0,1,1,-4,-8,4.6,92,40,16.3,15,-2,"42,270","40,120",24
Illinois,56781,41.719978000000005,-87.74795300000001,0,0,0,0,0,0,1,1,-4,-8,4.6,92,40,16.3,15,-2,"42,270","40,120",24
Illinois,56368,41.850587,-87.79366800000001,0,0,0,0,0,0,0,1,-4,-8,4.6,92,40,16.3,15,-2,"42,270","40,120",24
Illinois,54747,42.066417,-87.937291,0,0,0,0,0,0,0,0,-4,-8,4.6,92,40,16.3,15,-2,"42,270","40,120",24
Illinois,54373,40.514203,-88.99063100000001,1,1,1,2,2,2,2,4,-4,-8,4.6,92,40,16.3,15,-2,"42,270","40,120",24
Illinois,53715,41.86614,-88.107013,0,0,0,0,0,0,1,1,-4,-8,4.6,92,40,16.3,15,-2,"42,270","40,120",24
Illinois,52138,42.062992,-88.12272,0,0,0,0,0,0,0,0,-4,-8,4.6,92,40,16.3,15,-2,"42,270","40,120",24
Illinois,52287,41.885032,-87.784503,0,0,0,0,0,0,0,0,-4,-8,4.6,92,40,16.3,15,-2,"42,270","40,120",24
Texas,2296224,29.760427000000004,-95.369803,0,0,0,0,0,0,0,4,-28,-39,6,96,43,9.8,10,-18,"55,230","56,400",28
Texas,1469845,29.424121999999997,-98.493628,0,0,0,0,0,0,0,2,-28,-39,6,96,43,9.8,10,-18,"55,230","56,400",28
Texas,1300092,32.776664000000004,-96.796988,0,0,0,0,0,0,0,5,-28,-39,6,96,43,9.8,10,-18,"55,230","56,400",28
Texas,931830,30.267153000000004,-97.743061,0,0,0,0,0,0,0,2,-28,-39,6,96,43,9.8,10,-18,"55,230","56,400",28
Texas,833319,32.755488,-97.330766,0,0,0,0,0,1,1,5,-28,-39,6,96,43,9.8,10,-18,"55,230","56,400",28
Texas,681124,31.761878000000003,-106.485022,0,0,0,0,7,7,7,12,-28,-39,6,96,43,9.8,10,-18,"55,230","56,400",28
Texas,388125,32.735687,-97.10806600000001,0,0,0,0,0,1,1,6,-28,-39,6,96,43,9.8,10,-18,"55,230","56,400",28
Texas,324074,27.800583000000003,-97.396381,3,4,3,4,3,4,4,6,-28,-39,6,96,43,9.8,10,-18,"55,230","56,400",28
Texas,283558,33.019843,-96.698886,0,0,0,0,0,0,0,6,-28,-39,6,96,43,9.8,10,-18,"55,230","56,400",28
Texas,255473,27.530566999999998,-99.480324,4,4,4,4,4,4,4,6,-28,-39,6,96,43,9.8,10,-18,"55,230","56,400",28
Texas,249042,33.577863,-101.855166,8,9,8,9,8,9,10,10,-28,-39,6,96,43,9.8,10,-18,"55,230","56,400",28
Texas,236897,32.912624,-96.63888299999999,0,0,0,0,0,0,0,6,-28,-39,6,96,43,9.8,10,-18,"55,230","56,400",28
Texas,236607,32.814018,-96.948894,0,0,0,0,0,0,0,6,-28,-39,6,96,43,9.8,10,-18,"55,230","56,400",28
Texas,198645,35.221996999999995,-101.83129699999999,7,7,7,8,7,8,7,8,-28,-39,6,96,43,9.8,10,-18,"55,230","56,400",28
Texas,187809,32.745964,-96.997785,0,0,0,0,0,0,0,6,-28,-39,6,96,43,9.8,10,-18,"55,230","56,400",28
Texas,183887,25.901747,-97.497484,2,7,2,7,2,7,8,10,-28,-39,6,96,43,9.8,10,-18,"55,230","56,400",28
Texas,153784,29.691063,-95.209101,0,0,0,0,0,0,0,5,-28,-39,6,96,43,9.8,10,-18,"55,230","56,400",28
Texas,162898,33.197246,-96.639782,0,0,0,0,0,0,0,6,-28,-39,6,96,43,9.8,10,-18,"55,230","56,400",28
Texas,144788,32.766796,-96.599159,0,0,0,0,0,0,0,6,-28,-39,6,96,43,9.8,10,-18,"55,230","56,400",28
Texas,140806,31.117119,-97.727796,1,2,1,2,1,2,2,4,-28,-39,6,96,43,9.8,10,-18,"55,230","56,400",28
Texas,154407,33.150674,-96.823612,1,1,1,1,1,1,1,5,-28,-39,6,96,43,9.8,10,-18,"55,230","56,400",28
Texas,140269,26.203407000000002,-98.230012,0,6,0,6,0,6,7,9,-28,-39,6,96,43,9.8,10,-18,"55,230","56,400",28
Texas,132356,31.549333,-97.14667,0,2,0,2,2,2,3,3,-28,-39,6,96,43,9.8,10,-18,"55,230","56,400",28
Texas,133168,32.975642,-96.889964,0,0,0,0,0,0,0,6,-28,-39,6,96,43,9.8,10,-18,"55,230","56,400",28
Texas,132950,31.997346000000004,-102.077915,8,8,8,8,8,9,9,9,-28,-39,6,96,43,9.8,10,-18,"55,230","56,400",28
Texas,131044,33.214841,-97.13306800000001,1,1,1,1,1,1,1,5,-28,-39,6,96,43,9.8,10,-18,"55,230","56,400",28
Texas,121721,32.448736,-99.733144,4,4,4,4,4,5,5,7,-28,-39,6,96,43,9.8,10,-18,"55,230","56,400",28
Texas,118129,30.080174,-94.12655600000001,2,2,2,2,2,2,2,7,-28,-39,6,96,43,9.8,10,-18,"55,230","56,400",28
Texas,118968,31.845682,-102.367643,8,8,8,8,8,9,9,10,-28,-39,6,96,43,9.8,10,-18,"55,230","56,400",28
Texas,115997,30.508255,-97.678896,0,0,0,0,0,0,0,3,-28,-39,6,96,43,9.8,10,-18,"55,230","56,400",28
Texas,104710,33.913708,-98.493387,3,3,3,3,3,4,4,4,-28,-39,6,96,43,9.8,10,-18,"55,230","56,400",28
Texas,110815,32.948333,-96.72985200000001,0,0,0,0,0,0,0,6,-28,-39,6,96,43,9.8,10,-18,"55,230","56,400",28
Texas,104039,33.046233,-96.994174,0,0,0,0,0,0,0,5,-28,-39,6,96,43,9.8,10,-18,"55,230","56,400",28
Texas,103700,32.351259999999996,-95.301062,3,3,3,3,3,3,3,6,-28,-39,6,96,43,9.8,10,-18,"55,230","56,400",28
Texas,108821,29.563567,-95.286047,0,0,0,0,0,0,0,5,-28,-39,6,96,43,9.8,10,-18,"55,230","56,400",28
Texas,107889,30.627977,-96.334407,2,2,2,2,3,3,3,3,-28,-39,6,96,43,9.8,10,-18,"55,230","56,400",28
Texas,100450,31.463772,-100.437038,6,6,6,6,6,6,6,6,-28,-39,6,96,43,9.8,10,-18,"55,230","56,400",28
Texas,98143,33.103173999999996,-96.67055,0,0,0,0,0,0,0,6,-28,-39,6,96,43,9.8,10,-18,"55,230","56,400",28
Texas,98312,29.507454,-95.09493,0,0,0,0,0,0,0,5,-28,-39,6,96,43,9.8,10,-18,"55,230","56,400",28
Texas,88156,29.619678999999998,-95.634946,0,0,0,0,0,0,0,4,-28,-39,6,96,43,9.8,10,-18,"55,230","56,400",28
Texas,82287,32.500704,-94.740489,2,3,2,3,2,3,3,6,-28,-39,6,96,43,9.8,10,-18,"55,230","56,400",28
Texas,83298,26.215907,-98.325293,0,7,0,7,0,7,7,9,-28,-39,6,96,43,9.8,10,-18,"55,230","56,400",28
Texas,84497,26.301737,-98.16334300000001,0,6,0,6,0,6,7,8,-28,-39,6,96,43,9.8,10,-18,"55,230","56,400",28
Texas,82118,30.674364,-96.369963,2,3,2,3,3,3,3,3,-28,-39,6,96,43,9.8,10,-18,"55,230","56,400",28
Texas,76335,29.735505,-94.977427,0,1,0,1,0,1,0,5,-28,-39,6,96,43,9.8,10,-18,"55,230","56,400",28
Texas,76538,26.194796,-98.183622,0,6,0,6,0,6,7,9,-28,-39,6,96,43,9.8,10,-18,"55,230","56,400",28
Texas,72277,31.098234,-97.342782,1,1,1,1,1,2,2,4,-28,-39,6,96,43,9.8,10,-18,"55,230","56,400",28
Texas,74139,29.618567,-95.537722,0,0,0,0,0,0,0,4,-28,-39,6,96,43,9.8,10,-18,"55,230","56,400",28
Texas,71253,33.014567,-97.09695500000001,1,1,1,1,1,1,1,5,-28,-39,6,96,43,9.8,10,-18,"55,230","56,400",28
Texas,69204,32.834295000000004,-97.228903,0,0,0,0,0,1,1,5,-28,-39,6,96,43,9.8,10,-18,"55,230","56,400",28
Texas,65774,26.190631,-97.69610300000001,1,7,1,7,1,7,7,9,-28,-39,6,96,43,9.8,10,-18,"55,230","56,400",28
Texas,67574,28.805266999999997,-97.003598,3,3,3,3,3,3,4,4,-28,-39,6,96,43,9.8,10,-18,"55,230","56,400",28
Texas,70543,29.703002,-98.124453,1,1,1,1,1,1,1,1,-28,-39,6,96,43,9.8,10,-18,"55,230","56,400",28
Texas,68602,30.311877000000003,-95.456051,0,1,0,1,1,1,1,5,-28,-39,6,96,43,9.8,10,-18,"55,230","56,400",28
Texas,65945,30.505197999999996,-97.820289,0,0,0,0,0,0,0,3,-28,-39,6,96,43,9.8,10,-18,"55,230","56,400",28
Texas,64274,32.563192,-97.141677,0,0,0,0,1,1,1,5,-28,-39,6,96,43,9.8,10,-18,"55,230","56,400",28
Texas,60236,32.902902000000005,-96.56388000000001,0,0,0,0,0,0,0,6,-28,-39,6,96,43,9.8,10,-18,"55,230","56,400",28
Texas,63716,30.633262,-97.677984,0,1,0,1,0,1,1,3,-28,-39,6,96,43,9.8,10,-18,"55,230","56,400",28
Texas,55340,29.88495,-93.939947,2,2,2,2,2,2,2,7,-28,-39,6,96,43,9.8,10,-18,"55,230","56,400",28
Texas,60684,29.883275,-97.94139399999999,0,1,0,1,0,1,1,1,-28,-39,6,96,43,9.8,10,-18,"55,230","56,400",28
Texas,57122,30.454845000000002,-97.622266,0,0,0,0,0,0,0,3,-28,-39,6,96,43,9.8,10,-18,"55,230","56,400",28
Texas,54219,32.837073,-97.08195400000001,0,0,0,0,0,0,0,6,-28,-39,6,96,43,9.8,10,-18,"55,230","56,400",28
Texas,52486,32.5897,-96.857074,0,1,0,1,1,1,1,5,-28,-39,6,96,43,9.8,10,-18,"55,230","56,400",28
Texas,51404,32.934292,-97.07806500000001,0,0,0,0,0,0,0,5,-28,-39,6,96,43,9.8,10,-18,"55,230","56,400",28
Texas,50180,29.301347999999997,-94.797696,1,1,1,1,1,1,1,6,-28,-39,6,96,43,9.8,10,-18,"55,230","56,400",28
Pennsylvania,1567442,39.952584,-75.165222,0,0,0,0,0,0,0,0,-12,0,3.5,85,48,13.3,14,0,"32,030","34,230",20
Pennsylvania,304391,40.440625,-79.995886,0,0,0,0,0,0,4,7,-12,0,3.5,85,48,13.3,14,0,"32,030","34,230",20
Pennsylvania,120207,40.60843,-75.490183,0,0,0,0,0,0,0,0,-12,0,3.5,85,48,13.3,14,0,"32,030","34,230",20
Pennsylvania,99475,42.129224,-80.085059,3,3,3,3,3,3,3,8,-12,0,3.5,85,48,13.3,14,0,"32,030","34,230",20
Pennsylvania,87879,40.335648,-75.926875,0,1,0,1,2,2,2,2,-12,0,3.5,85,48,13.3,14,0,"32,030","34,230",20
Pennsylvania,77118,41.408969,-75.662412,2,2,2,2,2,2,2,2,-12,0,3.5,85,48,13.3,14,0,"32,030","34,230",20
Pennsylvania,74892,40.625932,-75.370458,0,0,0,0,0,0,0,0,-12,0,3.5,85,48,13.3,14,0,"32,030","34,230",20
Pennsylvania,59339,40.037875,-76.305514,1,1,1,1,2,2,2,2,-12,0,3.5,85,48,13.3,14,0,"32,030","34,230",20
Arizona,1563025,33.448377,-112.074037,0,0,0,0,0,0,0,0,-22,-40,1.4,80,19,9.8,10,-6,"12,870","13,240",9
Arizona,531641,32.221743,-110.926479,0,3,3,3,3,3,3,3,-22,-40,1.4,80,19,9.8,10,-6,"12,870","13,240",9
Arizona,471825,33.415184,-111.83147199999999,0,0,0,0,0,0,0,1,-22,-40,1.4,80,19,9.8,10,-6,"12,870","13,240",9
Arizona,260828,33.30616,-111.84125,0,1,0,1,0,1,1,1,-22,-40,1.4,80,19,9.8,10,-6,"12,870","13,240",9
Arizona,240126,33.538652,-112.18598700000001,0,0,0,0,0,0,0,1,-22,-40,1.4,80,19,9.8,10,-6,"12,870","13,240",9
Arizona,247542,33.352826,-111.789027,0,1,0,1,0,1,1,1,-22,-40,1.4,80,19,9.8,10,-6,"12,870","13,240",9
Arizona,236839,33.494170000000004,-111.926052,0,0,0,0,0,0,0,0,-22,-40,1.4,80,19,9.8,10,-6,"12,870","13,240",9
Arizona,175826,33.425509999999996,-111.940005,0,0,0,0,0,0,0,0,-22,-40,1.4,80,19,9.8,10,-6,"12,870","13,240",9
Arizona,171237,33.580596,-112.237378,0,0,0,0,0,0,0,1,-22,-40,1.4,80,19,9.8,10,-6,"12,870","13,240",9
Arizona,128422,33.629234000000004,-112.367928,1,1,1,1,1,1,1,1,-22,-40,1.4,80,19,9.8,10,-6,"12,870","13,240",9
Arizona,94139,32.692651,-114.627692,3,5,3,5,3,5,3,5,-22,-40,1.4,80,19,9.8,10,-6,"12,870","13,240",9
Arizona,80684,33.435598,-112.349602,0,0,0,0,0,0,0,1,-22,-40,1.4,80,19,9.8,10,-6,"12,870","13,240",9
Arizona,79003,33.435339,-112.357657,0,0,0,0,0,0,0,1,-22,-40,1.4,80,19,9.8,10,-6,"12,870","13,240",9
Arizona,70320,35.198284,-111.651302,0,4,4,4,4,4,4,4,-22,-40,1.4,80,19,9.8,10,-6,"12,870","13,240",9
Arizona,62138,33.37032,-112.583777,1,1,1,1,1,1,1,1,-22,-40,1.4,80,19,9.8,10,-6,"12,870","13,240",9
Arizona,53553,34.483901,-114.322455,4,4,4,5,4,5,5,5,-22,-40,1.4,80,19,9.8,10,-6,"12,870","13,240",9
Arizona,51460,32.911003,-111.77338999999999,1,1,1,1,1,1,1,2,-22,-40,1.4,80,19,9.8,10,-6,"12,870","13,240",9
Indiana,853173,39.768403,-86.158068,0,0,0,0,0,3,0,4,-14,-10,0.9,95,66,6.3,8,-1,"8,180","10,130",9
Indiana,260326,41.079273,-85.139351,3,3,3,3,3,4,3,4,-14,-10,0.9,95,66,6.3,8,-1,"8,180","10,130",9
Indiana,119943,37.971559,-87.57109,3,3,3,3,3,4,5,5,-14,-10,0.9,95,66,6.3,8,-1,"8,180","10,130",9
Indiana,101516,41.676355,-86.25199,2,2,2,2,2,3,3,3,-14,-10,0.9,95,66,6.3,8,-1,"8,180","10,130",9
Indiana,88713,39.978371,-86.118043,0,0,0,0,0,3,0,4,-14,-10,0.9,95,66,6.3,8,-1,"8,180","10,130",9
Indiana,88658,39.956755,-86.01335,0,0,0,0,0,3,0,4,-14,-10,0.9,95,66,6.3,8,-1,"8,180","10,130",9
Indiana,84067,39.165325,-86.526386,0,2,0,2,2,3,2,5,-14,-10,0.9,95,66,6.3,8,-1,"8,180","10,130",9
Indiana,77614,41.583369,-87.50004100000001,0,0,0,0,0,0,0,1,-14,-10,0.9,95,66,6.3,8,-1,"8,180","10,130",9
Indiana,77156,41.59337,-87.346427,0,1,0,1,1,1,1,1,-14,-10,0.9,95,66,6.3,8,-1,"8,180","10,130",9
Indiana,71111,40.416702,-86.875287,0,1,1,2,2,3,2,3,-14,-10,0.9,95,66,6.3,8,-1,"8,180","10,130",9
Indiana,70087,40.193377000000005,-85.38636,2,2,2,2,2,3,2,3,-14,-10,0.9,95,66,6.3,8,-1,"8,180","10,130",9
Indiana,60825,39.466703,-87.41390899999999,2,2,2,2,2,3,2,3,-14,-10,0.9,95,66,6.3,8,-1,"8,180","10,130",9
Indiana,57995,40.486427,-86.13360300000001,1,1,1,2,2,5,2,5,-14,-10,0.9,95,66,6.3,8,-1,"8,180","10,130",9
Indiana,59093,40.045592,-86.008595,1,1,1,1,1,4,1,4,-14,-10,0.9,95,66,6.3,8,-1,"8,180","10,130",9
Indiana,55305,40.10532,-85.680254,1,1,1,1,1,4,1,4,-14,-10,0.9,95,66,6.3,8,-1,"8,180","10,130",9
Indiana,55586,39.613658,-86.10665300000001,0,0,0,0,0,3,0,4,-14,-10,0.9,95,66,6.3,8,-1,"8,180","10,130",9
Indiana,52348,41.681993,-85.976667,2,3,2,3,2,3,3,3,-14,-10,0.9,95,66,6.3,8,-1,"8,180","10,130",9
Florida,868031,30.332184,-81.655651,0,0,0,0,0,0,0,0,-13,-1,8.2,70,20,20.6,20,-1,"75,990","72,630",71
Florida,441003,25.76168,-80.19179,0,0,0,0,0,0,0,0,-13,-1,8.2,70,20,20.6,20,-1,"75,990","72,630",71
Florida,369075,27.950575,-82.457178,0,0,0,0,0,0,0,0,-13,-1,8.2,70,20,20.6,20,-1,"75,990","72,630",71
Florida,270934,28.538334999999996,-81.379237,0,0,0,0,0,0,0,0,-13,-1,8.2,70,20,20.6,20,-1,"75,990","72,630",71
Florida,257083,27.751828000000003,-82.626734,0,0,0,0,0,0,0,0,-13,-1,8.2,70,20,20.6,20,-1,"75,990","72,630",71
Florida,237069,25.857596,-80.27810600000001,0,0,0,0,0,0,0,0,-13,-1,8.2,70,20,20.6,20,-1,"75,990","72,630",71
Florida,189907,30.438256,-84.280733,0,4,0,4,4,5,4,5,-13,-1,8.2,70,20,20.6,20,-1,"75,990","72,630",71
Florida,178590,26.122439,-80.13731700000001,0,0,0,0,0,0,0,0,-13,-1,8.2,70,20,20.6,20,-1,"75,990","72,630",71
Florida,179413,27.273049,-80.358226,0,0,0,1,0,1,1,2,-13,-1,8.2,70,20,20.6,20,-1,"75,990","72,630",71
Florida,175229,26.562853999999998,-81.949533,0,0,0,0,0,0,0,3,-13,-1,8.2,70,20,20.6,20,-1,"75,990","72,630",71
Florida,166611,26.007765,-80.296256,0,0,0,0,0,0,0,0,-13,-1,8.2,70,20,20.6,20,-1,"75,990","72,630",71
Florida,149728,26.011201,-80.14949,0,0,0,0,0,0,0,0,-13,-1,8.2,70,20,20.6,20,-1,"75,990","72,630",71
Florida,137132,25.986076,-80.30356,0,0,0,0,0,0,0,0,-13,-1,8.2,70,20,20.6,20,-1,"75,990","72,630",71
Florida,130128,29.651634,-82.324826,0,0,0,0,0,1,0,1,-13,-1,8.2,70,20,20.6,20,-1,"75,990","72,630",71
Florida,129485,26.271192,-80.270604,0,0,0,1,0,1,0,1,-13,-1,8.2,70,20,20.6,20,-1,"75,990","72,630",71
Florida,113187,25.942038,-80.245604,0,0,0,0,0,0,0,0,-13,-1,8.2,70,20,20.6,20,-1,"75,990","72,630",71
Florida,113003,27.965853000000003,-82.80010300000001,0,0,0,0,0,1,0,1,-13,-1,8.2,70,20,20.6,20,-1,"75,990","72,630",71
Florida,107888,28.034461999999998,-80.588665,1,2,1,2,1,2,2,2,-13,-1,8.2,70,20,20.6,20,-1,"75,990","72,630",71
Florida,107762,26.237859999999998,-80.124767,0,0,0,0,0,0,0,0,-13,-1,8.2,70,20,20.6,20,-1,"75,990","72,630",71
Florida,106779,26.715342,-80.053375,0,0,0,0,0,1,0,1,-13,-1,8.2,70,20,20.6,20,-1,"75,990","72,630",71
Florida,104401,28.039465000000003,-81.949804,0,1,0,1,0,1,0,1,-13,-1,8.2,70,20,20.6,20,-1,"75,990","72,630",71
Florida,100882,26.076478,-80.252116,0,0,0,0,0,0,0,0,-13,-1,8.2,70,20,20.6,20,-1,"75,990","72,630",71
Florida,92312,25.790654,-80.130045,0,0,0,0,0,0,0,0,-13,-1,8.2,70,20,20.6,20,-1,"75,990","72,630",71
Florida,92560,26.127585999999997,-80.233104,0,0,0,0,0,0,0,0,-13,-1,8.2,70,20,20.6,20,-1,"75,990","72,630",71
Florida,92700,26.166971,-80.25659499999999,0,0,0,0,0,0,0,0,-13,-1,8.2,70,20,20.6,20,-1,"75,990","72,630",71
Florida,93235,26.368306,-80.12893199999999,0,0,0,0,0,0,0,0,-13,-1,8.2,70,20,20.6,20,-1,"75,990","72,630",71
Florida,88474,28.900545,-81.263674,0,0,0,0,0,0,0,0,-13,-1,8.2,70,20,20.6,20,-1,"75,990","72,630",71
Florida,82893,29.584452000000002,-81.20787,1,1,1,1,1,1,1,1,-13,-1,8.2,70,20,20.6,20,-1,"75,990","72,630",71
Florida,81000,27.909467,-82.787324,0,0,0,0,0,1,0,1,-13,-1,8.2,70,20,20.6,20,-1,"75,990","72,630",71
Florida,79768,26.318412,-80.099766,0,0,0,0,0,0,0,0,-13,-1,8.2,70,20,20.6,20,-1,"75,990","72,630",71
Florida,80127,28.083627000000003,-80.608109,2,2,2,2,2,2,2,2,-13,-1,8.2,70,20,20.6,20,-1,"75,990","72,630",71
Florida,73966,26.531786999999998,-80.090547,0,0,0,0,0,0,0,0,-13,-1,8.2,70,20,20.6,20,-1,"75,990","72,630",71
Florida,71579,26.140363,-80.21338100000001,0,0,0,0,0,0,0,0,-13,-1,8.2,70,20,20.6,20,-1,"75,990","72,630",71
Florida,69959,26.100365,-80.399775,0,1,0,1,0,1,0,1,-13,-1,8.2,70,20,20.6,20,-1,"75,990","72,630",71
Florida,74013,26.640628000000003,-81.87230799999999,0,0,0,0,0,0,0,2,-13,-1,8.2,70,20,20.6,20,-1,"75,990","72,630",71
Florida,69152,28.291956,-81.40757099999999,0,1,0,1,0,1,0,1,-13,-1,8.2,70,20,20.6,20,-1,"75,990","72,630",71
Florida,66498,25.468722,-80.47755699999999,0,1,0,1,0,1,0,1,-13,-1,8.2,70,20,20.6,20,-1,"75,990","72,630",71
Florida,66255,26.461462,-80.07282,0,0,0,0,0,0,0,0,-13,-1,8.2,70,20,20.6,20,-1,"75,990","72,630",71
Florida,64681,26.212861,-80.249771,0,0,0,0,0,0,0,0,-13,-1,8.2,70,20,20.6,20,-1,"75,990","72,630",71
Florida,64736,29.210815000000004,-81.02283299999999,1,1,1,1,1,1,1,1,-13,-1,8.2,70,20,20.6,20,-1,"75,990","72,630",71
Florida,62435,25.890095000000002,-80.186714,0,0,0,0,0,0,0,0,-13,-1,8.2,70,20,20.6,20,-1,"75,990","72,630",71
Florida,62560,26.661763,-80.268357,0,0,0,0,0,1,0,1,-13,-1,8.2,70,20,20.6,20,-1,"75,990","72,630",71
Florida,62345,27.044224,-82.235925,0,1,0,1,0,1,1,1,-13,-1,8.2,70,20,20.6,20,-1,"75,990","72,630",71
Florida,62707,26.934225,-80.09420899999999,0,1,0,1,0,1,0,1,-13,-1,8.2,70,20,20.6,20,-1,"75,990","72,630",71
Florida,59866,29.138315999999996,-80.99561,1,1,1,1,1,1,1,1,-13,-1,8.2,70,20,20.6,20,-1,"75,990","72,630",71
Florida,59302,26.251748,-80.178935,0,0,0,0,0,0,0,0,-13,-1,8.2,70,20,20.6,20,-1,"75,990","72,630",71
Florida,58111,28.802861,-81.269453,0,0,0,0,0,0,0,0,-13,-1,8.2,70,20,20.6,20,-1,"75,990","72,630",71
Florida,57234,26.244526,-80.206436,0,0,0,0,0,0,0,0,-13,-1,8.2,70,20,20.6,20,-1,"75,990","72,630",71
Florida,55118,27.336434999999998,-82.530653,0,0,0,0,0,1,0,1,-13,-1,8.2,70,20,20.6,20,-1,"75,990","72,630",71
Florida,53193,30.421309,-87.216915,0,2,0,2,5,8,8,9,-13,-1,8.2,70,20,20.6,20,-1,"75,990","72,630",71
Florida,54437,27.498928000000003,-82.57481899999999,0,1,0,1,1,1,1,1,-13,-1,8.2,70,20,20.6,20,-1,"75,990","72,630",71
Florida,52923,26.823395,-80.138655,0,0,0,0,0,1,0,1,-13,-1,8.2,70,20,20.6,20,-1,"75,990","72,630",71
Florida,56035,25.819542000000002,-80.35533000000001,0,0,0,0,0,0,0,0,-13,-1,8.2,70,20,20.6,20,-1,"75,990","72,630",71
Florida,51617,27.842803000000004,-82.69954399999999,0,0,0,0,0,0,0,0,-13,-1,8.2,70,20,20.6,20,-1,"75,990","72,630",71
Florida,51117,25.72149,-80.268384,0,0,0,0,0,0,0,0,-13,-1,8.2,70,20,20.6,20,-1,"75,990","72,630",71
Florida,51704,26.339806,-81.778697,0,1,0,1,1,1,1,3,-13,-1,8.2,70,20,20.6,20,-1,"75,990","72,630",71
Ohio,850106,39.961176,-82.99879399999999,0,0,0,0,0,0,2,4,-20,-33,2.5,93,56,10.3,11,-6,"22,730","23,220",12
Ohio,388072,41.499320000000004,-81.694361,0,0,0,0,0,1,0,5,-20,-33,2.5,93,56,10.3,11,-6,"22,730","23,220",12
Ohio,298550,39.103118,-84.51201999999999,0,0,0,0,0,1,1,3,-20,-33,2.5,93,56,10.3,11,-6,"22,730","23,220",12
Ohio,279789,41.663938,-83.555212,0,1,0,1,1,1,1,2,-20,-33,2.5,93,56,10.3,11,-6,"22,730","23,220",12
Ohio,197542,41.081445,-81.519005,0,0,0,0,0,1,1,6,-20,-33,2.5,93,56,10.3,11,-6,"22,730","23,220",12
Ohio,140599,39.758948,-84.19160699999999,0,1,0,1,0,1,0,3,-20,-33,2.5,93,56,10.3,11,-6,"22,730","23,220",12
Ohio,79937,41.404773999999996,-81.722909,0,0,0,0,0,1,0,5,-20,-33,2.5,93,56,10.3,11,-6,"22,730","23,220",12
Ohio,71885,40.798947,-81.378447,0,1,0,1,0,2,2,7,-20,-33,2.5,93,56,10.3,11,-6,"22,730","23,220",12
Ohio,64628,41.099779999999996,-80.649519,1,1,1,1,1,2,2,7,-20,-33,2.5,93,56,10.3,11,-6,"22,730","23,220",12
Ohio,63647,41.452819,-82.182375,1,1,1,1,1,2,1,5,-20,-33,2.5,93,56,10.3,11,-6,"22,730","23,220",12
Ohio,62407,39.399501,-84.561335,0,1,0,1,1,1,1,3,-20,-33,2.5,93,56,10.3,11,-6,"22,730","23,220",12
Ohio,59680,39.924227,-83.808817,1,2,1,2,1,2,1,3,-20,-33,2.5,93,56,10.3,11,-6,"22,730","23,220",12
Ohio,55525,39.689504,-84.16882700000001,0,1,0,1,0,1,0,3,-20,-33,2.5,93,56,10.3,11,-6,"22,730","23,220",12
Ohio,53775,41.36838,-82.107649,1,1,1,1,1,1,1,5,-20,-33,2.5,93,56,10.3,11,-6,"22,730","23,220",12
Ohio,50656,41.481993,-81.798191,0,0,0,0,0,1,0,5,-20,-33,2.5,93,56,10.3,11,-6,"22,730","23,220",12
North Carolina,827097,35.227087,-80.843127,0,0,0,0,0,0,0,2,3,-24,3.2,90,53,15.1,13,-5,"29,960","26,410",16
North Carolina,451066,35.77959,-78.63817900000001,0,0,0,0,0,0,0,1,3,-24,3.2,90,53,15.1,13,-5,"29,960","26,410",16
North Carolina,285342,36.072635,-79.791975,0,1,0,1,0,1,0,1,3,-24,3.2,90,53,15.1,13,-5,"29,960","26,410",16
North Carolina,257636,35.994033,-78.898619,0,0,0,0,0,0,0,0,3,-24,3.2,90,53,15.1,13,-5,"29,960","26,410",16
North Carolina,241218,36.09986,-80.24421600000001,0,0,0,0,0,2,0,2,3,-24,3.2,90,53,15.1,13,-5,"29,960","26,410",16
North Carolina,201963,35.052664,-78.87835799999999,0,0,0,0,0,2,0,2,3,-24,3.2,90,53,15.1,13,-5,"29,960","26,410",16
North Carolina,159769,35.791540000000005,-78.78111700000001,0,0,0,0,0,0,0,1,3,-24,3.2,90,53,15.1,13,-5,"29,960","26,410",16
North Carolina,115933,34.225726,-77.94471,0,3,0,3,3,4,3,4,3,-24,3.2,90,53,15.1,13,-5,"29,960","26,410",16
North Carolina,110268,35.955692,-80.005318,0,1,0,1,0,2,0,2,3,-24,3.2,90,53,15.1,13,-5,"29,960","26,410",16
North Carolina,90597,35.612660999999996,-77.366354,2,2,2,2,2,2,2,3,3,-24,3.2,90,53,15.1,13,-5,"29,960","26,410",16
North Carolina,88512,35.595058,-82.551487,0,2,0,2,4,4,4,5,3,-24,3.2,90,53,15.1,13,-5,"29,960","26,410",16
North Carolina,87696,35.408752,-80.579511,1,1,1,1,1,1,1,2,3,-24,3.2,90,53,15.1,13,-5,"29,960","26,410",16
North Carolina,74543,35.262082,-81.1873,0,1,0,1,0,1,1,3,3,-24,3.2,90,53,15.1,13,-5,"29,960","26,410",16
North Carolina,67357,34.754052,-77.43024100000001,2,3,2,3,3,4,3,4,3,-24,3.2,90,53,15.1,13,-5,"29,960","26,410",16
North Carolina,59568,35.9132,-79.05584499999999,0,0,0,0,0,0,0,1,3,-24,3.2,90,53,15.1,13,-5,"29,960","26,410",16
North Carolina,55806,35.93821,-77.790534,1,2,1,2,1,2,1,2,3,-24,3.2,90,53,15.1,13,-5,"29,960","26,410",16
North Carolina,52472,36.095692,-79.437799,0,1,0,1,0,1,0,1,3,-24,3.2,90,53,15.1,13,-5,"29,960","26,410",16
North Carolina,52704,35.410694,-80.84285,0,0,0,0,0,0,0,2,3,-24,3.2,90,53,15.1,13,-5,"29,960","26,410",16
Michigan,677116,42.331427000000005,-83.045754,0,0,0,0,0,0,0,0,1,-33,3.1,89,40,15.4,15,-10,"29,120","28,130",20
Michigan,195097,42.963359999999994,-85.668086,0,0,0,1,0,1,0,2,1,-33,3.1,89,40,15.4,15,-10,"29,120","28,130",20
Michigan,135358,42.514457,-83.01465300000001,0,0,0,0,0,0,0,0,1,-33,3.1,89,40,15.4,15,-10,"29,120","28,130",20
Michigan,132052,42.580312,-83.030203,0,0,0,0,0,0,0,0,1,-33,3.1,89,40,15.4,15,-10,"29,120","28,130",20
Michigan,117070,42.280826,-83.743038,0,1,0,1,0,1,1,1,1,-33,3.1,89,40,15.4,15,-10,"29,120","28,130",20
Michigan,115056,42.732535,-84.55553499999999,0,0,0,1,0,1,0,1,1,-33,3.1,89,40,15.4,15,-10,"29,120","28,130",20
Michigan,98310,43.012527,-83.68745600000001,0,0,0,0,0,1,0,1,1,-33,3.1,89,40,15.4,15,-10,"29,120","28,130",20
Michigan,95171,42.32226,-83.176314,0,0,0,0,0,0,0,0,1,-33,3.1,89,40,15.4,15,-10,"29,120","28,130",20
Michigan,94635,42.36837,-83.35271,0,0,0,0,0,0,0,0,1,-33,3.1,89,40,15.4,15,-10,"29,120","28,130",20
Michigan,83280,42.606409,-83.149775,0,0,0,0,0,0,0,0,1,-33,3.1,89,40,15.4,15,-10,"29,120","28,130",20
Michigan,82000,42.324203999999995,-83.400211,0,0,0,0,0,0,0,0,1,-33,3.1,89,40,15.4,15,-10,"29,120","28,130",20
Michigan,81330,42.498994,-83.367717,0,0,0,0,0,0,0,0,1,-33,3.1,89,40,15.4,15,-10,"29,120","28,130",20
Michigan,76041,42.291707,-85.58722900000001,0,1,0,1,0,1,1,2,1,-33,3.1,89,40,15.4,15,-10,"29,120","28,130",20
Michigan,75275,42.91336,-85.705309,0,0,0,1,0,1,0,2,1,-33,3.1,89,40,15.4,15,-10,"29,120","28,130",20
Michigan,73156,42.473369,-83.221873,0,0,0,0,0,0,0,0,1,-33,3.1,89,40,15.4,15,-10,"29,120","28,130",20
Michigan,73424,42.658366,-83.14993199999999,0,0,0,0,0,0,0,0,1,-33,3.1,89,40,15.4,15,-10,"29,120","28,130",20
Michigan,61568,42.240871999999996,-83.269651,0,0,0,0,0,0,0,0,1,-33,3.1,89,40,15.4,15,-10,"29,120","28,130",20
Michigan,59903,42.497408,-82.89636,0,0,0,0,0,0,0,0,1,-33,3.1,89,40,15.4,15,-10,"29,120","28,130",20
Michigan,59917,42.638921999999994,-83.29104699999999,0,0,0,0,0,0,0,0,1,-33,3.1,89,40,15.4,15,-10,"29,120","28,130",20
Michigan,59008,42.48948,-83.144649,0,0,0,0,0,0,0,0,1,-33,3.1,89,40,15.4,15,-10,"29,120","28,130",20
Michigan,58723,42.48059,-83.475491,0,0,0,0,0,0,0,0,1,-33,3.1,89,40,15.4,15,-10,"29,120","28,130",20
Michigan,56145,42.336982,-83.273263,0,0,0,0,0,0,0,0,1,-33,3.1,89,40,15.4,15,-10,"29,120","28,130",20
Michigan,51589,42.321152000000005,-85.179714,1,1,1,1,1,1,1,2,1,-33,3.1,89,40,15.4,15,-10,"29,120","28,130",20
Michigan,51357,42.869473,-85.644749,0,0,0,1,0,1,0,2,1,-33,3.1,89,40,15.4,15,-10,"29,120","28,130",20
Tennessee,655770,35.149534,-90.04898,0,0,0,0,4,5,4,7,-18,-22,1.5,96,63,10.7,10,-2,"13,880","12,300",7
Tennessee,654610,36.162664,-86.781602,0,0,0,0,0,3,3,7,-18,-22,1.5,96,63,10.7,10,-2,"13,880","12,300",7
Tennessee,185291,35.960638,-83.920739,0,0,0,3,5,6,6,6,-18,-22,1.5,96,63,10.7,10,-2,"13,880","12,300",7
Tennessee,176588,35.045629999999996,-85.30968,3,3,3,3,3,3,3,3,-18,-22,1.5,96,63,10.7,10,-2,"13,880","12,300",7
Tennessee,149176,36.529771000000004,-87.359453,1,2,1,2,1,5,5,8,-18,-22,1.5,96,63,10.7,10,-2,"13,880","12,300",7
Tennessee,126118,35.845621,-86.39027,1,1,1,1,1,3,3,6,-18,-22,1.5,96,63,10.7,10,-2,"13,880","12,300",7
Tennessee,72639,35.925064,-86.86889000000001,0,0,0,0,0,3,3,6,-18,-22,1.5,96,63,10.7,10,-2,"13,880","12,300",7
Tennessee,66975,35.614517,-88.813947,2,2,2,2,3,6,6,7,-18,-22,1.5,96,63,10.7,10,-2,"13,880","12,300",7
Tennessee,66027,36.31344,-82.353473,1,2,1,2,6,6,6,6,-18,-22,1.5,96,63,10.7,10,-2,"13,880","12,300",7
Tennessee,58579,35.204533000000005,-89.873975,0,0,0,0,4,5,4,7,-18,-22,1.5,96,63,10.7,10,-2,"13,880","12,300",7
Tennessee,56018,36.304774,-86.619996,0,1,0,1,0,4,4,7,-18,-22,1.5,96,63,10.7,10,-2,"13,880","12,300",7
Tennessee,53014,36.548434,-82.561819,1,2,1,2,6,6,6,6,-18,-22,1.5,96,63,10.7,10,-2,"13,880","12,300",7
Washington,684451,47.606209,-122.332071,0,0,0,0,0,0,0,0,-14,3,2.1,64,15,13.7,14,1,"19,230","19,150",33
Washington,213272,47.65878,-117.426046,0,0,0,4,0,4,6,8,-14,3,2.1,64,15,13.7,14,1,"19,230","19,150",33
Washington,207948,47.252877000000005,-122.44429099999999,0,0,0,0,0,0,0,1,-14,3,2.1,64,15,13.7,14,1,"19,230","19,150",33
Washington,172860,45.631840000000004,-122.67160600000001,0,0,0,0,0,4,0,4,-14,3,2.1,64,15,13.7,14,1,"19,230","19,150",33
Washington,139820,47.61015,-122.201516,0,0,0,0,0,0,0,0,-14,3,2.1,64,15,13.7,14,1,"19,230","19,150",33
Washington,126952,47.380933,-122.234843,0,0,0,0,0,0,0,0,-14,3,2.1,64,15,13.7,14,1,"19,230","19,150",33
Washington,108010,47.978984999999994,-122.202079,0,0,0,0,0,1,0,1,-14,3,2.1,64,15,13.7,14,1,"19,230","19,150",33
Washington,100242,47.482878,-122.21706599999999,0,0,0,0,0,0,0,0,-14,3,2.1,64,15,13.7,14,1,"19,230","19,150",33
Washington,93701,46.602071,-120.505899,0,2,0,2,0,2,0,4,-14,3,2.1,64,15,13.7,14,1,"19,230","19,150",33
Washington,95171,47.322322,-122.31262199999999,0,0,0,0,0,0,0,0,-14,3,2.1,64,15,13.7,14,1,"19,230","19,150",33
Washington,94919,47.673228,-117.239375,0,0,0,4,0,4,6,8,-14,3,2.1,64,15,13.7,14,1,"19,230","19,150",33
Washington,87281,47.676893,-122.205983,0,0,0,0,0,0,0,0,-14,3,2.1,64,15,13.7,14,1,"19,230","19,150",33
Washington,85146,48.751911,-122.47868500000001,0,1,0,1,2,3,2,3,-14,3,2.1,64,15,13.7,14,1,"19,230","19,150",33
Washington,78896,46.211246,-119.137234,0,1,0,3,0,3,3,7,-14,3,2.1,64,15,13.7,14,1,"19,230","19,150",33
Washington,77006,47.307323,-122.228453,0,0,0,0,0,0,0,0,-14,3,2.1,64,15,13.7,14,1,"19,230","19,150",33
Washington,69451,46.239579,-119.10056599999999,0,1,0,3,0,3,3,7,-14,3,2.1,64,15,13.7,14,1,"19,230","19,150",33
Washington,66773,48.051764,-122.17708200000001,0,0,0,1,1,1,1,1,-14,3,2.1,64,15,13.7,14,1,"19,230","19,150",33
Washington,59829,47.171765,-122.51845800000001,0,0,0,0,0,0,0,1,-14,3,2.1,64,15,13.7,14,1,"19,230","19,150",33
Washington,60598,47.673988,-122.12151200000001,0,0,0,0,0,0,0,0,-14,3,2.1,64,15,13.7,14,1,"19,230","19,150",33
Washington,55439,47.755966,-122.345697,0,0,0,0,0,0,0,0,-14,3,2.1,64,15,13.7,14,1,"19,230","19,150",33
Washington,54248,46.285691,-119.284462,0,2,0,2,0,2,2,6,-14,3,2.1,64,15,13.7,14,1,"19,230","19,150",33
Washington,52253,47.616268,-122.035574,0,1,0,1,1,1,1,1,-14,3,2.1,64,15,13.7,14,1,"19,230","19,150",33
Washington,50467,47.466838,-122.34053,0,0,0,0,0,0,0,0,-14,3,2.1,64,15,13.7,14,1,"19,230","19,150",33
Washington,50302,47.037874,-122.900695,0,0,0,1,1,1,1,1,-14,3,2.1,64,15,13.7,14,1,"19,230","19,150",33
Colorado,682545,39.739236,-104.990251,0,0,0,0,0,0,0,0,-14,-13,1.4,78,27,12.1,11,-3,"13,160","11,760",21
Colorado,456568,38.833882,-104.821363,0,1,0,2,0,2,2,2,-14,-13,1.4,78,27,12.1,11,-3,"13,160","11,760",21
Colorado,359407,39.729432,-104.831919,0,0,0,0,0,0,0,0,-14,-13,1.4,78,27,12.1,11,-3,"13,160","11,760",21
Colorado,161175,40.58526,-105.084423,0,1,0,2,0,2,2,2,-14,-13,1.4,78,27,12.1,11,-3,"13,160","11,760",21
Colorado,152597,39.704709,-105.081373,0,0,0,0,0,0,0,0,-14,-13,1.4,78,27,12.1,11,-3,"13,160","11,760",21
Colorado,133451,39.868041,-104.971924,0,0,0,0,0,0,0,0,-14,-13,1.4,78,27,12.1,11,-3,"13,160","11,760",21
Colorado,115368,39.802764,-105.087484,0,0,0,0,0,0,0,0,-14,-13,1.4,78,27,12.1,11,-3,"13,160","11,760",21
Colorado,113130,39.836653000000005,-105.037205,0,0,0,0,0,0,0,0,-14,-13,1.4,78,27,12.1,11,-3,"13,160","11,760",21
Colorado,109412,38.254447,-104.60914100000001,1,3,1,3,1,3,3,3,-14,-13,1.4,78,27,12.1,11,-3,"13,160","11,760",21
Colorado,109741,39.580745,-104.877173,0,0,0,0,0,0,0,0,-14,-13,1.4,78,27,12.1,11,-3,"13,160","11,760",21
Colorado,107349,40.014986,-105.270546,0,0,0,0,0,1,0,1,-14,-13,1.4,78,27,12.1,11,-3,"13,160","11,760",21
Colorado,100883,40.423314000000005,-104.709132,0,1,1,2,1,2,2,2,-14,-13,1.4,78,27,12.1,11,-3,"13,160","11,760",21
Colorado,92088,40.167207,-105.101928,0,0,0,0,0,1,0,1,-14,-13,1.4,78,27,12.1,11,-3,"13,160","11,760",21
Colorado,75182,40.397760999999996,-105.07498000000001,0,0,0,1,0,1,1,1,-14,-13,1.4,78,27,12.1,11,-3,"13,160","11,760",21
Colorado,60358,39.063871,-108.55064899999999,2,6,7,8,7,7,7,8,-14,-13,1.4,78,27,12.1,11,-3,"13,160","11,760",21
Colorado,65065,39.920541,-105.08665,0,0,0,0,0,0,0,0,-14,-13,1.4,78,27,12.1,11,-3,"13,160","11,760",21
Colorado,55591,39.372212,-104.85609000000001,0,0,0,1,0,1,0,1,-14,-13,1.4,78,27,12.1,11,-3,"13,160","11,760",21
Colorado,53696,39.80832,-104.93386799999999,0,0,0,0,0,0,0,0,-14,-13,1.4,78,27,12.1,11,-3,"13,160","11,760",21
District of Columbia,672228,38.907191999999995,-77.03687099999999,0,0,0,0,0,0,0,0,15,0,0.6,0,0,32.7,21,0,"5,820","3,800",5
Massachusetts,667137,42.360082,-71.05888,0,0,0,0,0,0,0,0,-14,17,2.3,43,14,15.3,16,2,"21,020","21,280",14
Massachusetts,184815,42.262593,-71.802293,0,1,0,1,0,1,0,1,-14,17,2.3,43,14,15.3,16,2,"21,020","21,280",14
Massachusetts,154341,42.101483,-72.589811,0,0,0,1,0,1,0,1,-14,17,2.3,43,14,15.3,16,2,"21,020","21,280",14
Massachusetts,110699,42.633425,-71.316172,1,1,1,1,1,1,1,1,-14,17,2.3,43,14,15.3,16,2,"21,020","21,280",14
Massachusetts,110402,42.373616,-71.10973299999999,0,0,0,0,0,0,0,0,-14,17,2.3,43,14,15.3,16,2,"21,020","21,280",14
Massachusetts,94958,41.636215,-70.934205,1,1,1,1,1,1,1,1,-14,17,2.3,43,14,15.3,16,2,"21,020","21,280",14
Massachusetts,95314,42.083433,-71.01837900000001,1,1,1,1,1,1,1,1,-14,17,2.3,43,14,15.3,16,2,"21,020","21,280",14
Massachusetts,93618,42.252877000000005,-71.00227,1,1,1,1,1,1,1,1,-14,17,2.3,43,14,15.3,16,2,"21,020","21,280",14
Massachusetts,92457,42.466763,-70.949494,0,1,0,1,0,1,0,1,-14,17,2.3,43,14,15.3,16,2,"21,020","21,280",14
Massachusetts,88777,41.701491,-71.155045,0,0,0,0,0,0,0,1,-14,17,2.3,43,14,15.3,16,2,"21,020","21,280",14
Massachusetts,88817,42.337041,-71.209221,0,0,0,0,0,0,0,0,-14,17,2.3,43,14,15.3,16,2,"21,020","21,280",14
Massachusetts,80318,42.387597,-71.099497,0,0,0,0,0,0,0,0,-14,17,2.3,43,14,15.3,16,2,"21,020","21,280",14
Massachusetts,80231,42.707035,-71.16311400000001,0,1,0,1,0,1,0,1,-14,17,2.3,43,14,15.3,16,2,"21,020","21,280",14
Massachusetts,63378,42.376484999999995,-71.23561099999999,0,0,0,0,0,0,0,0,-14,17,2.3,43,14,15.3,16,2,"21,020","21,280",14
Massachusetts,62765,42.776201,-71.07728,0,1,0,1,0,1,0,1,-14,17,2.3,43,14,15.3,16,2,"21,020","21,280",14
Massachusetts,61068,42.425096,-71.066163,0,0,0,0,0,0,0,0,-14,17,2.3,43,14,15.3,16,2,"21,020","21,280",14
Massachusetts,57403,42.41843,-71.106164,0,0,0,0,0,0,0,0,-14,17,2.3,43,14,15.3,16,2,"21,020","21,280",14
Massachusetts,56789,41.900101,-71.08976700000001,0,1,0,1,0,1,0,1,-14,17,2.3,43,14,15.3,16,2,"21,020","21,280",14
Massachusetts,56741,42.148703999999995,-72.607867,0,0,0,1,0,1,0,1,-14,17,2.3,43,14,15.3,16,2,"21,020","21,280",14
Massachusetts,55957,42.218072,-70.941036,1,1,1,1,1,1,1,1,-14,17,2.3,43,14,15.3,16,2,"21,020","21,280",14
Massachusetts,53422,42.408429999999996,-71.011995,0,0,0,0,0,0,0,0,-14,17,2.3,43,14,15.3,16,2,"21,020","21,280",14
Massachusetts,52504,42.527873,-70.928661,0,1,0,1,0,1,0,1,-14,17,2.3,43,14,15.3,16,2,"21,020","21,280",14
Maryland,621849,39.290385,-76.612189,0,0,0,0,0,0,0,0,-18,19,3,67,24,23.4,22,4,"28,140","26,430",25
Maryland,69479,39.414269,-77.41054100000001,0,1,1,1,1,1,1,1,-18,19,3,67,24,23.4,22,4,"28,140","26,430",25
Maryland,67456,39.143440999999996,-77.20137,0,0,0,0,0,0,0,1,-18,19,3,67,24,23.4,22,4,"28,140","26,430",25
Maryland,66980,39.083997,-77.15275799999999,0,0,0,0,0,0,0,0,-18,19,3,67,24,23.4,22,4,"28,140","26,430",25
Maryland,58025,39.006777,-76.779136,0,0,0,0,0,0,0,0,-18,19,3,67,24,23.4,22,4,"28,140","26,430",25
Oklahoma,631346,35.46756,-97.516428,0,0,0,0,0,4,0,4,-12,0,0.6,96,54,7,7,0,"5,330","5,210",3
Oklahoma,403505,36.153982,-95.992775,0,3,0,3,3,5,3,5,-12,0,0.6,96,54,7,7,0,"5,330","5,210",3
Oklahoma,120284,35.222567,-97.43947800000001,0,0,0,0,0,5,0,5,-12,0,0.6,96,54,7,7,0,"5,330","5,210",3
Oklahoma,106563,36.060949,-95.797453,0,3,0,3,3,5,3,5,-12,0,0.6,96,54,7,7,0,"5,330","5,210",3
Oklahoma,96655,34.603567,-98.39592900000001,2,2,2,2,2,5,2,5,-12,0,0.6,96,54,7,7,0,"5,330","5,210",3
Oklahoma,90092,35.652832000000004,-97.478095,0,0,0,1,0,4,0,4,-12,0,0.6,96,54,7,7,0,"5,330","5,210",3
Oklahoma,60451,35.339508,-97.486703,0,0,0,0,0,4,0,4,-12,0,0.6,96,54,7,7,0,"5,330","5,210",3
Oklahoma,57249,35.449506,-97.396702,0,0,0,1,0,4,0,4,-12,0,0.6,96,54,7,7,0,"5,330","5,210",3
Oklahoma,51776,36.395589,-97.87839100000001,2,3,3,3,3,3,3,3,-12,0,0.6,96,54,7,7,0,"5,330","5,210",3
Kentucky,615366,38.252665,-85.75845600000001,0,3,0,3,0,3,3,4,-11,0,0.4,98,74,4.1,6,0,"3,530","5,180",2
Kentucky,314488,38.040584,-84.503716,2,2,2,2,2,2,4,5,-11,0,0.4,98,74,4.1,6,0,"3,530","5,180",2
Kentucky,63616,36.968522,-86.480804,2,2,2,2,2,3,5,7,-11,0,0.4,98,74,4.1,6,0,"3,530","5,180",2
Kentucky,59042,37.771907,-87.111168,3,4,3,4,3,4,6,6,-11,0,0.4,98,74,4.1,6,0,"3,530","5,180",2
Oregon,632309,45.523062,-122.67648100000001,0,0,0,0,0,4,0,4,-15,0,1,78,30,12,11,0,"9,330","8,760",15
Oregon,164549,44.942898,-123.035096,0,1,0,1,1,6,1,6,-15,0,1,78,30,12,11,0,"9,330","8,760",15
Oregon,163460,44.052069,-123.086754,0,2,0,2,3,7,3,7,-15,0,1,78,30,12,11,0,"9,330","8,760",15
Oregon,110553,45.500136,-122.430201,0,1,0,1,1,4,1,4,-15,0,1,78,30,12,11,0,"9,330","8,760",15
Oregon,102347,45.522894,-122.989827,0,0,1,1,1,5,1,5,-15,0,1,78,30,12,11,0,"9,330","8,760",15
Oregon,96577,45.487062,-122.80371000000001,0,0,0,0,0,4,0,4,-15,0,1,78,30,12,11,0,"9,330","8,760",15
Oregon,87014,44.058173,-121.31531000000001,0,4,0,4,6,8,6,8,-15,0,1,78,30,12,11,0,"9,330","8,760",15
Oregon,79805,42.326515,-122.87559499999999,0,5,5,5,5,7,8,9,-15,0,1,78,30,12,11,0,"9,330","8,760",15
Oregon,60870,44.046236,-123.022029,0,2,0,2,3,7,3,7,-15,0,1,78,30,12,11,0,"9,330","8,760",15
Oregon,55780,44.564566,-123.26204399999999,1,1,1,1,3,7,3,7,-15,0,1,78,30,12,11,0,"9,330","8,760",15
Oregon,52175,44.636511,-123.105928,1,1,1,1,2,6,2,6,-15,0,1,78,30,12,11,0,"9,330","8,760",15
Oregon,51253,45.431228999999995,-122.77148600000001,0,0,0,0,0,4,0,4,-15,0,1,78,30,12,11,0,"9,330","8,760",15
Nevada,623747,36.169940999999994,-115.13983,0,0,0,0,0,0,0,0,-6,0,1.2,88,9,19.4,19,0,"10,970","10,840",8
Nevada,285667,36.039525,-114.981721,0,0,0,0,0,0,0,0,-6,0,1.2,88,9,19.4,19,0,"10,970","10,840",8
Nevada,241445,39.529633000000004,-119.81380300000001,0,3,0,3,0,3,0,3,-6,0,1.2,88,9,19.4,19,0,"10,970","10,840",8
Nevada,234807,36.198859000000006,-115.117501,0,0,0,0,0,0,0,0,-6,0,1.2,88,9,19.4,19,0,"10,970","10,840",8
Nevada,96094,39.534911,-119.75268899999999,0,3,0,3,0,3,0,3,-6,0,1.2,88,9,19.4,19,0,"10,970","10,840",8
Nevada,54521,39.163798,-119.767403,1,4,1,4,1,4,1,4,-6,0,1.2,88,9,19.4,19,0,"10,970","10,840",8
Wisconsin,600155,43.038902,-87.906474,0,0,0,0,0,0,0,2,-21,0,0.7,96,67,5.6,7,0,"6,050","7,430",4
Wisconsin,248951,43.073052000000004,-89.40123,0,2,0,2,0,2,2,4,-21,0,0.7,96,67,5.6,7,0,"6,050","7,430",4
Wisconsin,105207,44.519159,-88.019826,3,3,3,3,3,3,3,8,-21,0,0.7,96,67,5.6,7,0,"6,050","7,430",4
Wisconsin,99858,42.584742,-87.821185,1,1,1,1,1,1,1,1,-21,0,0.7,96,67,5.6,7,0,"6,050","7,430",4
Wisconsin,77742,42.726131,-87.782852,1,1,1,1,1,1,1,2,-21,0,0.7,96,67,5.6,7,0,"6,050","7,430",4
Wisconsin,74139,44.261931,-88.415385,3,3,3,3,3,3,3,5,-21,0,0.7,96,67,5.6,7,0,"6,050","7,430",4
Wisconsin,71970,43.011678,-88.231481,0,0,0,0,0,0,0,2,-21,0,0.7,96,67,5.6,7,0,"6,050","7,430",4
Wisconsin,67778,44.811349,-91.498494,2,2,2,2,2,2,2,2,-21,0,0.7,96,67,5.6,7,0,"6,050","7,430",4
Wisconsin,66555,44.024706,-88.542614,2,2,2,2,2,2,2,4,-21,0,0.7,96,67,5.6,7,0,"6,050","7,430",4
Wisconsin,64123,42.682789,-89.018722,1,2,1,2,1,2,2,3,-21,0,0.7,96,67,5.6,7,0,"6,050","7,430",4
Wisconsin,60620,43.016681,-88.00703100000001,0,0,0,0,0,0,0,2,-21,0,0.7,96,67,5.6,7,0,"6,050","7,430",4
Wisconsin,52306,43.801356,-91.239581,4,4,4,4,4,4,4,4,-21,0,0.7,96,67,5.6,7,0,"6,050","7,430",4
New Mexico,559121,35.085334,-106.605553,0,0,0,0,0,0,0,12,-10,29,0.5,91,48,11.7,10,2,"4,650","4,030",9
New Mexico,101643,32.31994,-106.763654,1,1,1,1,6,6,6,11,-10,29,0.5,91,48,11.7,10,2,"4,650","4,030",9
New Mexico,94171,35.232754,-106.663044,0,0,0,0,0,0,0,12,-10,29,0.5,91,48,11.7,10,2,"4,650","4,030",9
New Mexico,84099,35.686975,-105.937799,0,2,2,2,2,2,2,11,-10,29,0.5,91,48,11.7,10,2,"4,650","4,030",9
Missouri,475378,39.099727,-94.578567,0,0,0,0,0,0,0,0,-12,-75,0.6,99,94,4.4,8,-3,"5,130","9,180",1
Missouri,315685,38.627003,-90.199404,0,0,0,0,0,0,0,0,-12,-75,0.6,99,94,4.4,8,-3,"5,130","9,180",1
Missouri,166810,37.208957,-93.292299,4,5,5,5,5,5,5,5,-12,-75,0.6,99,94,4.4,8,-3,"5,130","9,180",1
Missouri,117255,39.091116,-94.41550699999999,0,0,0,0,0,0,0,0,-12,-75,0.6,99,94,4.4,8,-3,"5,130","9,180",1
Missouri,119108,38.951705,-92.33407199999999,3,4,3,4,3,4,3,4,-12,-75,0.6,99,94,4.4,8,-3,"5,130","9,180",1
Missouri,95094,38.910841,-94.382172,0,0,0,0,0,0,0,0,-12,-75,0.6,99,94,4.4,8,-3,"5,130","9,180",1
Missouri,85040,38.810608,-90.699848,1,1,1,1,1,1,1,1,-12,-75,0.6,99,94,4.4,8,-3,"5,130","9,180",1
Missouri,76596,39.767458000000005,-94.846681,2,2,2,2,2,2,2,2,-12,-75,0.6,99,94,4.4,8,-3,"5,130","9,180",1
Missouri,68796,38.788106,-90.497436,1,1,1,1,1,1,1,1,-12,-75,0.6,99,94,4.4,8,-3,"5,130","9,180",1
Missouri,56971,38.78747,-90.629892,1,1,1,1,1,1,1,1,-12,-75,0.6,99,94,4.4,8,-3,"5,130","9,180",1
Missouri,54148,39.016951,-94.281615,0,0,0,0,0,0,0,0,-12,-75,0.6,99,94,4.4,8,-3,"5,130","9,180",1
Missouri,52268,38.789217,-90.322614,0,0,0,0,0,0,0,0,-12,-75,0.6,99,94,4.4,8,-3,"5,130","9,180",1
Missouri,51818,37.084227,-94.513281,3,3,3,4,4,4,4,4,-12,-75,0.6,99,94,4.4,8,-3,"5,130","9,180",1
Virginia,452745,36.852926000000004,-75.977985,0,0,0,0,3,6,6,6,-23,-14,2.3,92,78,12.5,15,-3,"21,080","24,590",18
Virginia,246393,36.850769,-76.285873,0,0,0,0,3,6,6,6,-23,-14,2.3,92,78,12.5,15,-3,"21,080","24,590",18
Virginia,235429,36.768209000000006,-76.28749300000001,0,0,0,0,3,5,5,6,-23,-14,2.3,92,78,12.5,15,-3,"21,080","24,590",18
Virginia,220289,37.540725,-77.436048,0,0,0,0,0,3,3,3,-23,-14,2.3,92,78,12.5,15,-3,"21,080","24,590",18
Virginia,182385,37.087082,-76.473012,1,1,1,1,2,5,5,5,-23,-14,2.3,92,78,12.5,15,-3,"21,080","24,590",18
Virginia,153511,38.804836,-77.046921,0,0,0,0,0,0,0,0,-23,-14,2.3,92,78,12.5,15,-3,"21,080","24,590",18
Virginia,136454,37.029869,-76.34522199999999,0,0,0,1,2,5,5,5,-23,-14,2.3,92,78,12.5,15,-3,"21,080","24,590",18
Virginia,99897,37.27097,-79.941427,0,3,0,3,4,5,4,5,-23,-14,2.3,92,78,12.5,15,-3,"21,080","24,590",18
Virginia,96201,36.835426,-76.29827399999999,0,0,0,0,3,6,6,6,-23,-14,2.3,92,78,12.5,15,-3,"21,080","24,590",18
Virginia,88161,36.728204999999996,-76.583562,1,1,1,1,3,5,5,5,-23,-14,2.3,92,78,12.5,15,-3,"21,080","24,590",18
Virginia,79812,37.413754,-79.142246,2,2,2,2,4,4,4,4,-23,-14,2.3,92,78,12.5,15,-3,"21,080","24,590",18
Virginia,52538,38.449569,-78.868915,2,3,2,3,3,3,4,4,-23,-14,2.3,92,78,12.5,15,-3,"21,080","24,590",18
Virginia,51209,39.115662,-77.563601,1,1,1,1,1,1,1,1,-23,-14,2.3,92,78,12.5,15,-3,"21,080","24,590",18
Georgia,463878,33.748995,-84.387982,0,0,0,0,0,0,0,0,-7,-11,3.6,96,58,15.7,15,-2,"33,000","31,420",17
Georgia,200579,32.460976,-84.987709,0,2,0,2,3,3,3,3,-7,-11,3.6,96,58,15.7,15,-2,"33,000","31,420",17
Georgia,197182,33.473498,-82.010515,0,2,0,2,0,4,4,4,-7,-11,3.6,96,58,15.7,15,-2,"33,000","31,420",17
Georgia,145674,32.083541,-81.099834,0,3,0,3,0,4,4,4,-7,-11,3.6,96,58,15.7,15,-2,"33,000","31,420",17
Georgia,122604,33.951935,-83.357567,1,2,2,2,2,2,2,2,-7,-11,3.6,96,58,15.7,15,-2,"33,000","31,420",17
Georgia,105330,33.930434999999996,-84.373315,0,0,0,0,0,0,0,0,-7,-11,3.6,96,58,15.7,15,-2,"33,000","31,420",17
Georgia,94501,34.023243,-84.36155500000001,0,0,0,0,0,0,0,0,-7,-11,3.6,96,58,15.7,15,-2,"33,000","31,420",17
Georgia,153515,32.840695000000004,-83.632402,2,2,2,2,2,2,2,3,-7,-11,3.6,96,58,15.7,15,-2,"33,000","31,420",17
Georgia,83335,34.028926,-84.19857900000001,0,0,0,1,1,1,1,1,-7,-11,3.6,96,58,15.7,15,-2,"33,000","31,420",17
Georgia,74843,31.578507000000002,-84.155741,3,3,3,3,5,5,5,6,-7,-11,3.6,96,58,15.7,15,-2,"33,000","31,420",17
Georgia,73490,32.613001000000004,-83.624201,3,3,3,3,3,3,3,3,-7,-11,3.6,96,58,15.7,15,-2,"33,000","31,420",17
Georgia,63693,34.075376,-84.29409,0,0,0,0,0,1,0,1,-7,-11,3.6,96,58,15.7,15,-2,"33,000","31,420",17
Georgia,59067,33.952602,-84.549933,0,0,0,0,0,0,0,0,-7,-11,3.6,96,58,15.7,15,-2,"33,000","31,420",17
Georgia,55724,30.832702,-83.278485,3,3,3,3,3,3,3,3,-7,-11,3.6,96,58,15.7,15,-2,"33,000","31,420",17
Georgia,56146,33.883993,-84.514376,0,0,0,0,0,0,0,0,-7,-11,3.6,96,58,15.7,15,-2,"33,000","31,420",17
Georgia,51910,33.865103000000005,-84.33659200000001,0,0,0,0,0,0,0,0,-7,-11,3.6,96,58,15.7,15,-2,"33,000","31,420",17
Nebraska,443885,41.252363,-95.997988,0,0,0,0,0,0,0,5,-13,0,0.2,97,41,6.3,6,0,"2,280","2,360",3
Nebraska,277348,40.825763,-96.685198,0,1,0,1,0,1,2,6,-13,0,0.2,97,41,6.3,6,0,"2,280","2,360",3
Nebraska,55510,41.154362,-95.91455699999999,0,0,0,0,0,0,0,5,-13,0,0.2,97,41,6.3,6,0,"2,280","2,360",3
Nebraska,51440,40.926396000000004,-98.342012,3,4,3,4,3,4,4,8,-13,0,0.2,97,41,6.3,6,0,"2,280","2,360",3
Minnesota,410939,44.977753,-93.265011,0,0,0,0,0,0,0,0,-13,-14,1.1,95,59,9.3,9,-1,"9,760","9,230",6
Minnesota,300851,44.953703000000004,-93.089958,0,0,0,0,0,0,0,0,-13,-14,1.1,95,59,9.3,9,-1,"9,760","9,230",6
Minnesota,112225,44.012122,-92.480199,2,2,2,2,2,2,2,2,-13,-14,1.1,95,59,9.3,9,-1,"9,760","9,230",6
Minnesota,86435,44.840798,-93.29828,0,0,0,0,0,0,0,0,-13,-14,1.1,95,59,9.3,9,-1,"9,760","9,230",6
Minnesota,86110,46.786671999999996,-92.10048499999999,0,4,0,4,4,4,4,4,-13,-14,1.1,95,59,9.3,9,-1,"9,760","9,230",6
Minnesota,79149,45.094132,-93.356341,0,0,0,0,0,0,0,0,-13,-14,1.1,95,59,9.3,9,-1,"9,760","9,230",6
Minnesota,75907,45.010519,-93.45550899999999,0,0,0,0,0,0,0,0,-13,-14,1.1,95,59,9.3,9,-1,"9,760","9,230",6
Minnesota,67109,45.557945000000004,-94.16324,2,2,2,2,2,2,2,2,-13,-14,1.1,95,59,9.3,9,-1,"9,760","9,230",6
Minnesota,67855,44.923854999999996,-92.95938000000001,0,0,0,0,0,0,0,0,-13,-14,1.1,95,59,9.3,9,-1,"9,760","9,230",6
Minnesota,66286,44.804132,-93.166886,0,0,0,0,0,0,0,0,-13,-14,1.1,95,59,9.3,9,-1,"9,760","9,230",6
Minnesota,68385,45.072464000000004,-93.455788,0,0,0,0,0,0,0,0,-13,-14,1.1,95,59,9.3,9,-1,"9,760","9,230",6
Minnesota,63496,44.854686,-93.470786,0,0,0,0,0,0,0,0,-13,-14,1.1,95,59,9.3,9,-1,"9,760","9,230",6
Minnesota,62240,45.173239,-93.30300600000001,0,0,0,0,0,0,0,0,-13,-14,1.1,95,59,9.3,9,-1,"9,760","9,230",6
Minnesota,61481,44.767742,-93.277723,0,0,0,0,0,0,0,0,-13,-14,1.1,95,59,9.3,9,-1,"9,760","9,230",6
Minnesota,62124,45.160799,-93.234949,0,0,0,0,0,0,0,0,-13,-14,1.1,95,59,9.3,9,-1,"9,760","9,230",6
Minnesota,60633,44.649687,-93.24271999999999,1,1,1,1,1,1,1,1,-13,-14,1.1,95,59,9.3,9,-1,"9,760","9,230",6
Minnesota,51669,44.921184000000004,-93.468749,0,0,0,0,0,0,0,0,-13,-14,1.1,95,59,9.3,9,-1,"9,760","9,230",6
Minnesota,51221,44.731909,-93.21772,0,0,0,0,0,0,0,0,-13,-14,1.1,95,59,9.3,9,-1,"9,760","9,230",6
Minnesota,50138,44.889687,-93.349949,0,0,0,0,0,0,0,0,-13,-14,1.1,95,59,9.3,9,-1,"9,760","9,230",6
Kansas,389965,37.687176,-97.330053,0,4,0,4,0,4,0,4,4,33,0.8,97,56,12.9,7,1,"7,240","3,800",4
Kansas,186515,38.982228000000006,-94.670792,0,0,0,0,0,0,0,0,4,33,0.8,97,56,12.9,7,1,"7,240","3,800",4
Kansas,151306,39.114053000000006,-94.627464,0,0,0,0,0,0,0,0,4,33,0.8,97,56,12.9,7,1,"7,240","3,800",4
Kansas,134305,38.881396,-94.819128,0,0,0,0,0,0,0,0,4,33,0.8,97,56,12.9,7,1,"7,240","3,800",4
Kansas,127265,39.055824,-95.689018,2,2,2,2,2,2,2,2,4,33,0.8,97,56,12.9,7,1,"7,240","3,800",4
Kansas,93917,38.971669,-95.23525,1,1,1,1,1,1,1,1,4,33,0.8,97,56,12.9,7,1,"7,240","3,800",4
Kansas,65046,39.022847999999996,-94.715187,0,0,0,0,0,0,0,0,4,33,0.8,97,56,12.9,7,1,"7,240","3,800",4
Kansas,56308,39.183608,-96.571669,3,3,3,3,3,3,3,3,4,33,0.8,97,56,12.9,7,1,"7,240","3,800",4
Kansas,52490,38.953617,-94.733571,0,0,0,0,0,0,0,0,4,33,0.8,97,56,12.9,7,1,"7,240","3,800",4
Louisiana,389617,29.951065999999997,-90.07153199999999,0,2,0,2,0,2,8,10,-18,-29,1.1,92,63,10.8,10,-2,"10,150","9,320",5
Louisiana,228590,30.449240000000003,-91.18560699999999,0,2,0,2,0,2,7,10,-18,-29,1.1,92,63,10.8,10,-2,"10,150","9,320",5
Louisiana,197204,32.525152,-93.750179,0,5,0,5,0,5,5,6,-18,-29,1.1,92,63,10.8,10,-2,"10,150","9,320",5
Louisiana,127657,30.224090000000004,-92.01984300000001,2,4,2,4,2,4,6,11,-18,-29,1.1,92,63,10.8,10,-2,"10,150","9,320",5
Louisiana,76070,30.226595,-93.217376,4,4,4,4,4,4,4,9,-18,-29,1.1,92,63,10.8,10,-2,"10,150","9,320",5
Louisiana,67091,29.994092,-90.241743,0,2,0,2,0,2,8,10,-18,-29,1.1,92,63,10.8,10,-2,"10,150","9,320",5
Louisiana,68094,32.515985,-93.732123,0,5,0,5,0,5,5,6,-18,-29,1.1,92,63,10.8,10,-2,"10,150","9,320",5
New Jersey,281944,40.735657,-74.17236700000001,0,0,0,1,1,1,1,1,-5,71,4.8,33,23,25.8,26,17,"44,460","43,990",41
New Jersey,264290,40.728157,-74.077642,0,0,0,1,1,1,1,1,-5,71,4.8,33,23,25.8,26,17,"44,460","43,990",41
New Jersey,147754,40.916765000000005,-74.171811,0,0,0,0,0,0,0,0,-5,71,4.8,33,23,25.8,26,17,"44,460","43,990",41
New Jersey,129007,40.663992,-74.210701,0,0,0,0,0,1,0,1,-5,71,4.8,33,23,25.8,26,17,"44,460","43,990",41
New Jersey,86334,40.858433000000005,-74.16375500000001,0,0,0,0,0,0,0,0,-5,71,4.8,33,23,25.8,26,17,"44,460","43,990",41
New Jersey,84225,40.217053,-74.742938,0,0,0,0,0,1,1,1,-5,71,4.8,33,23,25.8,26,17,"44,460","43,990",41
New Jersey,76119,39.925946,-75.11962,0,0,0,0,0,0,0,0,-5,71,4.8,33,23,25.8,26,17,"44,460","43,990",41
New Jersey,71085,40.856766,-74.128476,0,0,0,0,0,0,0,0,-5,71,4.8,33,23,25.8,26,17,"44,460","43,990",41
New Jersey,69156,40.779545,-74.023751,0,0,0,0,0,0,0,0,-5,71,4.8,33,23,25.8,26,17,"44,460","43,990",41
New Jersey,66311,40.668714,-74.11430899999999,0,0,0,0,0,0,0,0,-5,71,4.8,33,23,25.8,26,17,"44,460","43,990",41
New Jersey,64949,40.767323,-74.204868,0,0,0,0,0,1,0,1,-5,71,4.8,33,23,25.8,26,17,"44,460","43,990",41
New Jersey,60818,39.486377000000005,-75.025964,1,1,1,1,1,1,1,1,-5,71,4.8,33,23,25.8,26,17,"44,460","43,990",41
New Jersey,57035,40.486216,-74.451819,0,0,0,1,0,1,0,1,-5,71,4.8,33,23,25.8,26,17,"44,460","43,990",41
New Jersey,53635,40.743990999999994,-74.032363,0,0,0,0,0,0,0,0,-5,71,4.8,33,23,25.8,26,17,"44,460","43,990",41
New Jersey,53366,40.787879,-74.014306,0,0,0,0,0,0,0,0,-5,71,4.8,33,23,25.8,26,17,"44,460","43,990",41
New Jersey,52682,40.506772,-74.265423,0,0,0,0,0,1,0,1,-5,71,4.8,33,23,25.8,26,17,"44,460","43,990",41
New Jersey,51217,40.633714000000005,-74.407374,0,0,0,0,0,1,0,1,-5,71,4.8,33,23,25.8,26,17,"44,460","43,990",41
Idaho,218281,43.61871,-116.214607,0,0,0,8,8,10,10,11,-23,50,0.1,95,68,4.2,6,1,"1,320","1,790",3
Idaho,89839,43.540717,-116.56346200000002,0,1,0,8,8,10,10,11,-23,50,0.1,95,68,4.2,6,1,"1,320","1,790",3
Idaho,90739,43.612109000000004,-116.39151299999999,0,0,0,8,8,10,10,11,-23,50,0.1,95,68,4.2,6,1,"1,320","1,790",3
Idaho,59184,43.491651,-112.03396399999998,3,4,3,6,6,8,6,11,-23,50,0.1,95,68,4.2,6,1,"1,320","1,790",3
Idaho,54441,42.871303000000005,-112.44553400000001,3,4,4,4,4,10,4,12,-23,50,0.1,95,68,4.2,6,1,"1,320","1,790",3
Idaho,51686,43.662938,-116.68736000000001,0,1,0,8,8,10,10,10,-23,50,0.1,95,68,4.2,6,1,"1,320","1,790",3
Alabama,212461,33.520661,-86.80249,0,1,0,1,1,3,1,3,-16,-17,0.9,93,59,8.3,9,-1,"8,020","8,310",5
Alabama,200602,32.366805,-86.29996899999999,0,2,0,2,3,4,3,4,-16,-17,0.9,93,59,8.3,9,-1,"8,020","8,310",5
Alabama,194288,30.695365999999996,-88.039891,0,1,0,1,4,6,7,9,-16,-17,0.9,93,59,8.3,9,-1,"8,020","8,310",5
Alabama,190582,34.730369,-86.586104,0,3,0,3,0,3,0,4,-16,-17,0.9,93,59,8.3,9,-1,"8,020","8,310",5
Alabama,98332,33.209841,-87.56917299999999,0,1,0,1,0,4,0,4,-16,-17,0.9,93,59,8.3,9,-1,"8,020","8,310",5
Alabama,84848,33.405387,-86.811378,0,1,0,1,1,3,1,3,-16,-17,0.9,93,59,8.3,9,-1,"8,020","8,310",5
Alabama,68567,31.223231,-85.390489,3,3,3,3,6,6,6,7,-16,-17,0.9,93,59,8.3,9,-1,"8,020","8,310",5
Alabama,62059,32.609857,-85.48078199999999,1,1,1,1,3,3,3,3,-16,-17,0.9,93,59,8.3,9,-1,"8,020","8,310",5
Alabama,55437,34.605925,-86.98334200000001,1,2,1,2,1,3,1,4,-16,-17,0.9,93,59,8.3,9,-1,"8,020","8,310",5
Iowa,210330,41.600545000000004,-93.60910600000001,0,1,0,3,0,3,3,4,-23,-29,0.5,89,42,7.5,7,-5,"4,380","3,930",12
Iowa,130405,41.97788,-91.665623,1,1,1,1,1,1,1,7,-23,-29,0.5,89,42,7.5,7,-5,"4,380","3,930",12
Iowa,102582,41.523644,-90.577637,0,2,2,2,2,2,2,5,-23,-29,0.5,89,42,7.5,7,-5,"4,380","3,930",12
Iowa,82821,42.499994,-96.400307,2,2,2,3,3,3,3,8,-23,-29,0.5,89,42,7.5,7,-5,"4,380","3,930",12
Iowa,74220,41.661128000000005,-91.530168,0,0,0,0,0,0,0,6,-23,-29,0.5,89,42,7.5,7,-5,"4,380","3,930",12
Iowa,68460,42.492785999999995,-92.342577,0,2,2,2,2,2,2,6,-23,-29,0.5,89,42,7.5,7,-5,"4,380","3,930",12
Iowa,62597,41.261944,-95.860833,0,0,0,0,0,0,0,5,-23,-29,0.5,89,42,7.5,7,-5,"4,380","3,930",12
Iowa,65060,42.030781,-93.631913,0,1,1,4,1,4,4,5,-23,-29,0.5,89,42,7.5,7,-5,"4,380","3,930",12
Iowa,64113,41.577211,-93.711332,0,1,0,3,0,3,3,4,-23,-29,0.5,89,42,7.5,7,-5,"4,380","3,930",12
Iowa,58799,42.500558000000005,-90.66457199999999,2,3,3,3,3,3,3,5,-23,-29,0.5,89,42,7.5,7,-5,"4,380","3,930",12
Iowa,56764,41.731788,-93.600128,0,0,0,3,0,3,3,4,-23,-29,0.5,89,42,7.5,7,-5,"4,380","3,930",12
Arkansas,197992,34.746481,-92.28959499999999,0,0,0,4,0,6,0,9,4,0,0.5,97,77,8,8,0,"4,590","4,350",3
Arkansas,88194,35.385923999999996,-94.398547,2,3,3,4,4,5,4,5,4,0,0.5,97,77,8,8,0,"4,590","4,350",3
Arkansas,82830,36.082156,-94.17185400000001,0,3,3,5,5,7,5,7,4,0,0.5,97,77,8,8,0,"4,590","4,350",3
Arkansas,77859,36.186744,-94.128814,0,3,3,5,5,6,5,6,4,0,0.5,97,77,8,8,0,"4,590","4,350",3
Arkansas,73907,35.842296999999995,-90.704279,2,2,2,2,4,7,4,7,4,0,0.5,97,77,8,8,0,"4,590","4,350",3
Arkansas,66504,34.769535999999995,-92.267094,0,0,0,4,0,6,0,9,4,0,0.5,97,77,8,8,0,"4,590","4,350",3
Arkansas,64980,35.088696,-92.442101,1,1,1,4,1,7,1,9,4,0,0.5,97,77,8,8,0,"4,590","4,350",3
Arkansas,63159,36.33202,-94.118537,1,4,4,6,6,6,6,6,4,0,0.5,97,77,8,8,0,"4,590","4,350",3
Utah,192672,40.760779,-111.891047,0,0,0,0,0,11,0,11,-14,-50,0.3,97,62,4.6,5,-2,"2,960","2,960",2
Utah,136208,40.691613000000004,-112.00105,0,0,0,0,0,11,0,11,-14,-50,0.3,97,62,4.6,5,-2,"2,960","2,960",2
Utah,115264,40.233844,-111.658534,1,1,1,1,1,10,1,10,-14,-50,0.3,97,62,4.6,5,-2,"2,960","2,960",2
Utah,111946,40.60967,-111.939103,0,0,0,0,0,11,0,11,-14,-50,0.3,97,62,4.6,5,-2,"2,960","2,960",2
Utah,94457,40.296898,-111.694648,1,1,1,1,1,10,1,10,-14,-50,0.3,97,62,4.6,5,-2,"2,960","2,960",2
Utah,93613,40.564978,-111.838973,0,1,0,1,1,11,1,11,-14,-50,0.3,97,62,4.6,5,-2,"2,960","2,960",2
Utah,85444,41.223,-111.97383,1,1,1,1,1,13,1,12,-14,-50,0.3,97,62,4.6,5,-2,"2,960","2,960",2
Utah,80202,37.096528,-113.56841599999998,3,3,3,3,3,3,3,3,-14,-50,0.3,97,62,4.6,5,-2,"2,960","2,960",2
Utah,74143,41.060221999999996,-111.971053,0,1,0,1,1,13,1,12,-14,-50,0.3,97,62,4.6,5,-2,"2,960","2,960",2
Utah,60514,40.667725,-111.938826,0,0,0,0,0,11,0,11,-14,-50,0.3,97,62,4.6,5,-2,"2,960","2,960",2
Utah,66648,40.56217,-111.929658,0,0,0,0,0,11,0,11,-14,-50,0.3,97,62,4.6,5,-2,"2,960","2,960",2
Utah,58486,40.391617,-111.850766,1,1,1,1,1,10,1,10,-14,-50,0.3,97,62,4.6,5,-2,"2,960","2,960",2
Utah,50371,41.736979999999996,-111.833836,2,2,2,2,2,13,2,14,-14,-50,0.3,97,62,4.6,5,-2,"2,960","2,960",2
Rhode Island,179207,41.823989000000005,-71.412834,0,0,0,0,0,0,0,0,-14,50,0.4,80,36,17,15,1,"3,580","3,220",3
Rhode Island,81699,41.700101000000004,-71.416167,0,0,0,0,0,0,0,1,-14,50,0.4,80,36,17,15,1,"3,580","3,220",3
Rhode Island,81073,41.779823,-71.43728,0,0,0,0,0,0,0,0,-14,50,0.4,80,36,17,15,1,"3,580","3,220",3
Rhode Island,71591,41.878710999999996,-71.38255600000001,0,0,0,0,0,0,0,0,-14,50,0.4,80,36,17,15,1,"3,580","3,220",3
Mississippi,170674,32.298757,-90.18481,0,5,0,5,0,5,5,8,3,0,0.2,99,91,3.8,9,0,"2,290","5,540",1
Mississippi,71856,30.367420000000003,-89.092816,2,2,2,2,2,4,7,11,3,0,0.2,99,91,3.8,9,0,"2,290","5,540",1
Mississippi,52589,34.991859000000005,-90.002296,0,0,0,0,4,5,4,7,3,0,0.2,99,91,3.8,9,0,"2,290","5,540",1
South Dakota,171544,43.544596000000006,-96.731103,0,5,0,5,5,5,5,7,-11,0,0.1,98,77,3.5,5,0,550,810,1
South Dakota,73569,44.080543,-103.231015,9,10,9,10,10,10,10,11,-11,0,0.1,98,77,3.5,5,0,550,810,1
Connecticut,147629,41.186547999999995,-73.195177,0,0,0,1,0,1,1,1,-10,19,1.4,13,5,19.2,19,4,"13,140","13,280",25
Connecticut,130322,41.308274,-72.927883,0,0,0,1,0,1,1,2,-10,19,1.4,13,5,19.2,19,4,"13,140","13,280",25
Connecticut,128874,41.05343,-73.53873399999999,0,0,0,0,0,0,0,1,-10,19,1.4,13,5,19.2,19,4,"13,140","13,280",25
Connecticut,124006,41.763711,-72.68509300000001,0,0,0,0,0,1,0,1,-10,19,1.4,13,5,19.2,19,4,"13,140","13,280",25
Connecticut,108802,41.558152,-73.051496,0,0,1,1,1,1,1,1,-10,19,1.4,13,5,19.2,19,4,"13,140","13,280",25
Connecticut,88485,41.117744,-73.408158,0,0,0,1,0,1,0,1,-10,19,1.4,13,5,19.2,19,4,"13,140","13,280",25
Connecticut,84657,41.394816999999996,-73.454011,0,0,1,1,1,1,1,1,-10,19,1.4,13,5,19.2,19,4,"13,140","13,280",25
Connecticut,72808,41.66121,-72.779542,0,0,0,0,0,1,0,1,-10,19,1.4,13,5,19.2,19,4,"13,140","13,280",25
Connecticut,60452,41.671765,-72.94927,0,0,0,0,0,1,0,1,-10,19,1.4,13,5,19.2,19,4,"13,140","13,280",25
Connecticut,59988,41.538153,-72.80704300000001,0,0,0,0,0,0,0,1,-10,19,1.4,13,5,19.2,19,4,"13,140","13,280",25
Connecticut,54927,41.270548,-72.94697099999999,0,0,0,1,0,1,1,1,-10,19,1.4,13,5,19.2,19,4,"13,140","13,280",25
Connecticut,52087,41.22232,-73.0565,0,0,0,1,0,1,1,1,-10,19,1.4,13,5,19.2,19,4,"13,140","13,280",25
South Carolina,133803,34.00071,-81.034814,0,2,0,2,2,2,3,4,-10,0,0.7,93,71,6.4,12,0,"6,040","10,940",3
South Carolina,132609,32.776475,-79.931051,0,3,0,3,4,5,6,6,-10,0,0.7,93,71,6.4,12,0,"6,040","10,940",3
South Carolina,108304,32.854620000000004,-79.97480999999999,0,3,0,3,4,5,6,6,-10,0,0.7,93,71,6.4,12,0,"6,040","10,940",3
South Carolina,81317,32.832322,-79.82842600000001,0,3,0,3,4,5,6,6,-10,0,0.7,93,71,6.4,12,0,"6,040","10,940",3
South Carolina,71548,34.924867,-81.02507800000001,0,1,0,1,0,1,1,3,-10,0,0.7,93,71,6.4,12,0,"6,040","10,940",3
South Carolina,64579,34.852618,-82.39401,0,2,0,2,3,3,3,4,-10,0,0.7,93,71,6.4,12,0,"6,040","10,940",3
North Dakota,118523,46.877186,-96.789803,0,6,0,6,0,7,7,7,-8,0,0.1,98,73,8.7,7,0,"1,260","1,020",1
North Dakota,71167,46.808327,-100.783739,5,11,5,11,5,11,11,12,-8,0,0.1,98,73,8.7,7,0,"1,260","1,020",1
North Dakota,57011,47.925257,-97.032855,2,9,2,9,2,9,9,9,-8,0,0.1,98,73,8.7,7,0,"1,260","1,020",1
New Hampshire,110229,42.99564,-71.454789,0,0,0,0,1,1,1,1,-19,-20,0.3,60,30,10.4,10,-1,"2,540","2,530",4
New Hampshire,87970,42.765366,-71.467566,0,0,0,1,1,1,1,1,-19,-20,0.3,60,30,10.4,10,-1,"2,540","2,530",4
Montana,110263,45.783286,-108.50068999999999,0,0,0,7,0,10,0,15,-26,-29,0.2,93,55,9.1,8,-2,"1,690","1,520",5
Montana,71022,46.878718,-113.99658600000001,0,3,0,3,0,6,10,12,-26,-29,0.2,93,55,9.1,8,-2,"1,690","1,520",5
Montana,59638,47.494184000000004,-111.283345,2,5,2,5,5,6,6,16,-26,-29,0.2,93,55,9.1,8,-2,"1,690","1,520",5
Delaware,71948,39.739072,-75.539788,0,0,0,1,1,1,1,1,-41,-25,0.3,33,18,16.7,18,-1,"3,010","3,200",3
Maine,66881,43.661471,-70.255326,0,1,0,1,0,2,2,3,-4,-20,0.2,81,55,9.5,10,-1,"2,220","2,400",4
Wyoming,63335,41.139981,-104.820246,1,2,1,3,1,3,3,3,-4,0,0,96,96,1.1,8,0,120,850,1
Wyoming,60285,42.866632,-106.31308100000001,6,6,6,7,6,7,7,7,-4,0,0,96,96,1.1,8,0,120,850,1
