id,city,state,population,latitude,longitude,gestation_8_duration,gestation_8_duration_closed,gestation_12_duration,gestation_12_duration_closed,gestation_16_duration,gestation_16_duration_closed,gestation_20_duration,gestation_20_duration_closed
0,New York,New York,8550405,40.712784,-74.005941,0,0,0,0,0,0,0,0
1,Los Angeles,California,3971883,34.052234,-118.243685,0,0,0,0,0,0,0,0
2,Chicago,Illinois,2720546,41.878114,-87.629798,0,0,0,0,0,0,0,0
3,Houston,Texas,2296224,29.760427,-95.369803,0,0,0,0,0,0,0,4
4,Philadelphia,Pennsylvania,1567442,39.952584,-75.165222,0,0,0,0,0,0,0,0
5,Phoenix,Arizona,1563025,33.448377,-112.074037,0,0,0,0,0,0,0,0
6,San Antonio,Texas,1469845,29.424122,-98.493628,0,0,0,0,0,0,0,2
7,San Diego,California,1394928,32.715738,-117.161084,0,0,0,0,0,0,0,0
8,Dallas,Texas,1300092,32.776664,-96.796988,0,0,0,0,0,0,0,5
9,San Jose,California,1026908,37.338208,-121.886329,0,0,0,0,0,0,0,1
10,Austin,Texas,931830,30.267153,-97.743061,0,0,0,0,0,0,0,2
11,Indianapolis,Indiana,853173,39.768403,-86.158068,0,0,0,0,0,3,0,4
12,Jacksonville,Florida,868031,30.332184,-81.655651,0,0,0,0,0,0,0,0
13,San Francisco,California,864816,37.774929,-122.419415,0,0,0,0,0,0,0,0
14,Columbus,Ohio,850106,39.961176,-82.998794,0,0,0,0,0,0,2,4
15,Charlotte,North Carolina,827097,35.227087,-80.843127,0,0,0,0,0,0,0,2
16,Fort Worth,Texas,833319,32.755488,-97.330766,0,0,0,0,0,1,1,5
17,Detroit,Michigan,677116,42.331427,-83.045754,0,0,0,0,0,0,0,0
18,El Paso,Texas,681124,31.761878,-106.485022,0,0,0,0,7,7,7,12
19,Memphis,Tennessee,655770,35.149534,-90.04898,0,0,0,0,4,5,4,7
20,Seattle,Washington,684451,47.606209,-122.332071,0,0,0,0,0,0,0,0
21,Denver,Colorado,682545,39.739236,-104.990251,0,0,0,0,0,0,0,0
22,Washington,District of Columbia,672228,38.907192,-77.036871,0,0,0,0,0,0,0,0
23,Boston,Massachusetts,667137,42.360082,-71.05888,0,0,0,0,0,0,0,0
24,Nashville,Tennessee,654610,36.162664,-86.781602,0,0,0,0,0,3,3,7
25,Baltimore,Maryland,621849,39.290385,-76.612189,0,0,0,0,0,0,0,0
26,Oklahoma City,Oklahoma,631346,35.46756,-97.516428,0,0,0,0,0,4,0,4
27,Louisville,Kentucky,615366,38.252665,-85.758456,0,3,0,3,0,3,3,4
28,Portland,Oregon,632309,45.523062,-122.676481,0,0,0,0,0,4,0,4
29,Las Vegas,Nevada,623747,36.169941,-115.13983,0,0,0,0,0,0,0,0
30,Milwaukee,Wisconsin,600155,43.038902,-87.906474,0,0,0,0,0,0,0,2
31,Albuquerque,New Mexico,559121,35.085334,-106.605553,0,0,0,0,0,0,0,12
32,Tucson,Arizona,531641,32.221743,-110.926479,0,3,3,3,3,3,3,3
33,Fresno,California,520052,36.746842,-119.772587,0,0,0,0,0,0,0,3
34,Sacramento,California,490712,38.581572,-121.4944,0,0,0,0,0,0,0,0
35,Long Beach,California,474140,33.77005,-118.19374,0,0,0,0,0,0,0,0
36,Kansas City,Missouri,475378,39.099727,-94.578567,0,0,0,0,0,0,0,0
37,Mesa,Arizona,471825,33.415184,-111.831472,0,0,0,0,0,0,0,1
38,Virginia Beach,Virginia,452745,36.852926,-75.977985,0,0,0,0,3,6,6,6
39,Atlanta,Georgia,463878,33.748995,-84.387982,0,0,0,0,0,0,0,0
40,Colorado Springs,Colorado,456568,38.833882,-104.821363,0,1,0,2,0,2,2,2
41,Omaha,Nebraska,443885,41.252363,-95.997988,0,0,0,0,0,0,0,5
42,Raleigh,North Carolina,451066,35.77959,-78.638179,0,0,0,0,0,0,0,1
43,Miami,Florida,441003,25.76168,-80.19179,0,0,0,0,0,0,0,0
44,Oakland,California,419267,37.804364,-122.271114,0,0,0,0,0,0,0,0
45,Minneapolis,Minnesota,410939,44.977753,-93.265011,0,0,0,0,0,0,0,0
46,Tulsa,Oklahoma,403505,36.153982,-95.992775,0,3,0,3,3,5,3,5
47,Cleveland,Ohio,388072,41.49932,-81.694361,0,0,0,0,0,1,0,5
48,Wichita,Kansas,389965,37.687176,-97.330053,0,4,0,4,0,4,0,4
49,Arlington,Texas,388125,32.735687,-97.108066,0,0,0,0,0,1,1,6
50,New Orleans,Louisiana,389617,29.951066,-90.071532,0,2,0,2,0,2,8,10
51,Bakersfield,California,373640,35.373292,-119.018713,0,3,0,3,0,3,0,2
52,Tampa,Florida,369075,27.950575,-82.457178,0,0,0,0,0,0,0,0
53,Aurora,Colorado,359407,39.729432,-104.831919,0,0,0,0,0,0,0,0
54,Anaheim,California,350742,33.836593,-117.914301,0,0,0,0,0,0,0,0
55,Santa Ana,California,335400,33.745472,-117.867653,0,0,0,0,0,0,0,0
56,St. Louis,Missouri,315685,38.627003,-90.199404,0,0,0,0,0,0,0,0
57,Riverside,California,322424,33.953349,-117.396156,0,0,0,0,0,0,0,0
58,Corpus Christi,Texas,324074,27.800583,-97.396381,3,4,3,4,3,4,4,6
59,Lexington,Kentucky,314488,38.040584,-84.503716,2,2,2,2,2,2,4,5
60,Pittsburgh,Pennsylvania,304391,40.440625,-79.995886,0,0,0,0,0,0,4,7
61,Stockton,California,305658,37.957702,-121.29078,0,0,0,1,0,1,1,1
62,Cincinnati,Ohio,298550,39.103118,-84.51202,0,0,0,0,0,1,1,3
63,St. Paul,Minnesota,300851,44.953703,-93.089958,0,0,0,0,0,0,0,0
64,Toledo,Ohio,279789,41.663938,-83.555212,0,1,0,1,1,1,1,2
65,Greensboro,North Carolina,285342,36.072635,-79.791975,0,1,0,1,0,1,0,1
66,Newark,New Jersey,281944,40.735657,-74.172367,0,0,0,1,1,1,1,1
67,Plano,Texas,283558,33.019843,-96.698886,0,0,0,0,0,0,0,6
68,Henderson,Nevada,285667,36.039525,-114.981721,0,0,0,0,0,0,0,0
69,Lincoln,Nebraska,277348,40.825763,-96.685198,0,1,0,1,0,1,2,6
70,Buffalo,New York,258071,42.886447,-78.878369,0,0,0,0,0,0,6,7
71,Jersey City,New Jersey,264290,40.728157,-74.077642,0,0,0,1,1,1,1,1
72,Chula Vista,California,265757,32.640054,-117.084196,0,0,0,0,0,0,0,0
73,Fort Wayne,Indiana,260326,41.079273,-85.139351,3,3,3,3,3,4,3,4
74,Orlando,Florida,270934,28.538335,-81.379237,0,0,0,0,0,0,0,0
75,St. Petersburg,Florida,257083,27.751828,-82.626734,0,0,0,0,0,0,0,0
76,Chandler,Arizona,260828,33.30616,-111.84125,0,1,0,1,0,1,1,1
77,Laredo,Texas,255473,27.530567,-99.480324,4,4,4,4,4,4,4,6
78,Norfolk,Virginia,246393,36.850769,-76.285873,0,0,0,0,3,6,6,6
79,Durham,North Carolina,257636,35.994033,-78.898619,0,0,0,0,0,0,0,0
80,Madison,Wisconsin,248951,43.073052,-89.40123,0,2,0,2,0,2,2,4
81,Lubbock,Texas,249042,33.577863,-101.855166,8,9,8,9,8,9,10,10
82,Irvine,California,256927,33.684567,-117.826505,0,0,0,0,0,0,0,0
83,Winston-Salem,North Carolina,241218,36.09986,-80.244216,0,0,0,0,0,2,0,2
84,Glendale,Arizona,240126,33.538652,-112.185987,0,0,0,0,0,0,0,1
85,Garland,Texas,236897,32.912624,-96.638883,0,0,0,0,0,0,0,6
86,Hialeah,Florida,237069,25.857596,-80.278106,0,0,0,0,0,0,0,0
87,Reno,Nevada,241445,39.529633,-119.813803,0,3,0,3,0,3,0,3
88,Chesapeake,Virginia,235429,36.768209,-76.287493,0,0,0,0,3,5,5,6
89,Gilbert,Arizona,247542,33.352826,-111.789027,0,1,0,1,0,1,1,1
90,Baton Rouge,Louisiana,228590,30.44924,-91.185607,0,2,0,2,0,2,7,10
91,Irving,Texas,236607,32.814018,-96.948894,0,0,0,0,0,0,0,6
92,Scottsdale,Arizona,236839,33.49417,-111.926052,0,0,0,0,0,0,0,0
93,North Las Vegas,Nevada,234807,36.198859,-115.117501,0,0,0,0,0,0,0,0
94,Fremont,California,232206,37.54827,-121.988572,0,0,0,0,0,1,1,1
95,Boise City,Idaho,218281,43.61871,-116.214607,0,0,0,8,8,10,10,11
96,Richmond,Virginia,220289,37.540725,-77.436048,0,0,0,0,0,3,3,3
97,San Bernardino,California,216108,34.108345,-117.289765,0,0,0,0,0,0,0,0
98,Birmingham,Alabama,212461,33.520661,-86.80249,0,1,0,1,1,3,1,3
99,Spokane,Washington,213272,47.65878,-117.426046,0,0,0,4,0,4,6,8
100,Rochester,New York,209802,43.16103,-77.610922,0,0,0,2,2,2,8,8
101,Des Moines,Iowa,210330,41.600545,-93.609106,0,1,0,3,0,3,3,4
102,Modesto,California,211266,37.639097,-120.996878,0,0,0,1,0,1,0,2
103,Fayetteville,North Carolina,201963,35.052664,-78.878358,0,0,0,0,0,2,0,2
104,Tacoma,Washington,207948,47.252877,-122.444291,0,0,0,0,0,0,0,1
105,Oxnard,California,207254,34.197505,-119.177052,0,0,0,0,0,0,0,1
106,Fontana,California,207460,34.092233,-117.435048,0,0,0,0,0,0,0,0
107,Columbus,Georgia,200579,32.460976,-84.987709,0,2,0,2,3,3,3,3
108,Montgomery,Alabama,200602,32.366805,-86.299969,0,2,0,2,3,4,3,4
109,Moreno Valley,California,204198,33.942466,-117.229672,0,0,0,0,0,0,0,0
110,Shreveport,Louisiana,197204,32.525152,-93.750179,0,5,0,5,0,5,5,6
111,Aurora,Illinois,200661,41.760585,-88.320072,0,0,0,0,0,0,1,1
112,Yonkers,New York,201116,40.93121,-73.898747,0,0,0,0,0,0,0,0
113,Akron,Ohio,197542,41.081445,-81.519005,0,0,0,0,0,1,1,6
114,Huntington Beach,California,201899,33.659484,-117.998803,0,0,0,0,0,0,0,0
115,Little Rock,Arkansas,197992,34.746481,-92.289595,0,0,0,4,0,6,0,9
116,Augusta,Georgia,197182,33.473498,-82.010515,0,2,0,2,0,4,4,4
117,Amarillo,Texas,198645,35.221997,-101.831297,7,7,7,8,7,8,7,8
118,Glendale,California,201020,34.142508,-118.255075,0,0,0,0,0,0,0,0
119,Mobile,Alabama,194288,30.695366,-88.039891,0,1,0,1,4,6,7,9
120,Grand Rapids,Michigan,195097,42.96336,-85.668086,0,0,0,1,0,1,0,2
121,Salt Lake City,Utah,192672,40.760779,-111.891047,0,0,0,0,0,11,0,11
122,Tallahassee,Florida,189907,30.438256,-84.280733,0,4,0,4,4,5,4,5
123,Huntsville,Alabama,190582,34.730369,-86.586104,0,3,0,3,0,3,0,4
124,Grand Prairie,Texas,187809,32.745964,-96.997785,0,0,0,0,0,0,0,6
125,Knoxville,Tennessee,185291,35.960638,-83.920739,0,0,0,3,5,6,6,6
126,Worcester,Massachusetts,184815,42.262593,-71.802293,0,1,0,1,0,1,0,1
127,Newport News,Virginia,182385,37.087082,-76.473012,1,1,1,1,2,5,5,5
128,Brownsville,Texas,183887,25.901747,-97.497484,2,7,2,7,2,7,8,10
129,Overland Park,Kansas,186515,38.982228,-94.670792,0,0,0,0,0,0,0,0
130,Santa Clarita,California,182371,34.391664,-118.542586,0,0,0,0,0,1,0,1
131,Providence,Rhode Island,179207,41.823989,-71.412834,0,0,0,0,0,0,0,0
132,Garden Grove,California,175393,33.774269,-117.937995,0,0,0,0,0,0,0,0
133,Chattanooga,Tennessee,176588,35.04563,-85.30968,3,3,3,3,3,3,3,3
134,Oceanside,California,175691,33.19587,-117.379483,0,0,1,1,1,1,1,1
135,Jackson,Mississippi,170674,32.298757,-90.18481,0,5,0,5,0,5,5,8
136,Fort Lauderdale,Florida,178590,26.122439,-80.137317,0,0,0,0,0,0,0,0
137,Santa Rosa,California,174972,38.440429,-122.714055,0,1,0,1,2,2,2,2
138,Rancho Cucamonga,California,175236,34.839964,-115.967051,0,0,0,0,0,0,0,1
139,Port St. Lucie,Florida,179413,27.273049,-80.358226,0,0,0,1,0,1,1,2
140,Tempe,Arizona,175826,33.42551,-111.940005,0,0,0,0,0,0,0,0
141,Ontario,California,171214,34.063344,-117.650888,0,0,0,0,0,0,0,0
142,Vancouver,Washington,172860,45.63184,-122.671606,0,0,0,0,0,4,0,4
143,Cape Coral,Florida,175229,26.562854,-81.949533,0,0,0,0,0,0,0,3
144,Sioux Falls,South Dakota,171544,43.544596,-96.731103,0,5,0,5,5,5,5,7
145,Springfield,Missouri,166810,37.208957,-93.292299,4,5,5,5,5,5,5,5
146,Peoria,Arizona,171237,33.580596,-112.237378,0,0,0,0,0,0,0,1
147,Pembroke Pines,Florida,166611,26.007765,-80.296256,0,0,0,0,0,0,0,0
148,Elk Grove,California,166913,38.408799,-121.371618,0,0,0,0,0,0,0,1
149,Salem,Oregon,164549,44.942898,-123.035096,0,1,0,1,1,6,1,6
150,Lancaster,California,161103,34.686785,-118.154163,1,1,1,1,1,1,1,2
151,Corona,California,164226,33.875293,-117.566438,0,0,0,0,0,0,0,0
152,Eugene,Oregon,163460,44.052069,-123.086754,0,2,0,2,3,7,3,7
153,Palmdale,California,158351,34.579434,-118.116461,1,1,1,1,1,1,1,1
154,Salinas,California,157380,36.677737,-121.655501,0,0,0,1,0,1,1,3
155,Springfield,Massachusetts,154341,42.101483,-72.589811,0,0,0,1,0,1,0,1
156,Pasadena,Texas,153784,29.691063,-95.209101,0,0,0,0,0,0,0,5
157,Fort Collins,Colorado,161175,40.58526,-105.084423,0,1,0,2,0,2,2,2
158,Hayward,California,158289,37.668821,-122.080796,0,0,0,0,0,0,0,0
159,Pomona,California,153266,34.055103,-117.749991,0,0,0,0,0,0,0,1
160,Cary,North Carolina,159769,35.79154,-78.781117,0,0,0,0,0,0,0,1
161,Rockford,Illinois,148278,42.271131,-89.093995,2,2,2,2,2,2,2,2
162,Alexandria,Virginia,153511,38.804836,-77.046921,0,0,0,0,0,0,0,0
163,Escondido,California,151451,33.119207,-117.086421,0,0,0,1,0,1,0,1
164,McKinney,Texas,162898,33.197246,-96.639782,0,0,0,0,0,0,0,6
165,Kansas City,Kansas,151306,39.114053,-94.627464,0,0,0,0,0,0,0,0
166,Joliet,Illinois,147861,41.525031,-88.081725,0,1,0,1,0,1,1,1
167,Sunnyvale,California,151754,37.36883,-122.03635,0,0,0,0,0,0,0,1
168,Torrance,California,148475,33.835849,-118.340629,0,0,0,0,0,0,0,0
169,Bridgeport,Connecticut,147629,41.186548,-73.195177,0,0,0,1,0,1,1,1
170,Lakewood,Colorado,152597,39.704709,-105.081373,0,0,0,0,0,0,0,0
171,Hollywood,Florida,149728,26.011201,-80.14949,0,0,0,0,0,0,0,0
172,Paterson,New Jersey,147754,40.916765,-74.171811,0,0,0,0,0,0,0,0
173,Naperville,Illinois,147100,41.750839,-88.153535,0,0,0,0,0,0,1,1
174,Syracuse,New York,144142,43.048122,-76.147424,0,1,0,1,3,4,6,6
175,Mesquite,Texas,144788,32.766796,-96.599159,0,0,0,0,0,0,0,6
176,Dayton,Ohio,140599,39.758948,-84.191607,0,1,0,1,0,1,0,3
177,Savannah,Georgia,145674,32.083541,-81.099834,0,3,0,3,0,4,4,4
178,Clarksville,Tennessee,149176,36.529771,-87.359453,1,2,1,2,1,5,5,8
179,Orange,California,140992,33.787914,-117.853101,0,0,0,0,0,0,0,0
180,Pasadena,California,142250,34.147785,-118.144515,0,0,0,0,0,0,0,0
181,Fullerton,California,140847,33.870365,-117.924212,0,0,0,0,0,0,0,0
182,Killeen,Texas,140806,31.117119,-97.727796,1,2,1,2,1,2,2,4
183,Frisco,Texas,154407,33.150674,-96.823612,1,1,1,1,1,1,1,5
184,Hampton,Virginia,136454,37.029869,-76.345222,0,0,0,1,2,5,5,5
185,McAllen,Texas,140269,26.203407,-98.230012,0,6,0,6,0,6,7,9
186,Warren,Michigan,135358,42.514457,-83.014653,0,0,0,0,0,0,0,0
187,Bellevue,Washington,139820,47.61015,-122.201516,0,0,0,0,0,0,0,0
188,West Valley City,Utah,136208,40.691613,-112.00105,0,0,0,0,0,11,0,11
189,Columbia,South Carolina,133803,34.00071,-81.034814,0,2,0,2,2,2,3,4
190,Olathe,Kansas,134305,38.881396,-94.819128,0,0,0,0,0,0,0,0
191,Sterling Heights,Michigan,132052,42.580312,-83.030203,0,0,0,0,0,0,0,0
192,New Haven,Connecticut,130322,41.308274,-72.927883,0,0,0,1,0,1,1,2
193,Miramar,Florida,137132,25.986076,-80.30356,0,0,0,0,0,0,0,0
194,Waco,Texas,132356,31.549333,-97.14667,0,2,0,2,2,2,3,3
195,Thousand Oaks,California,129339,34.170561,-118.837594,0,0,0,0,0,0,0,0
196,Cedar Rapids,Iowa,130405,41.97788,-91.665623,1,1,1,1,1,1,1,7
197,Charleston,South Carolina,132609,32.776475,-79.931051,0,3,0,3,4,5,6,6
198,Visalia,California,130104,36.330228,-119.292058,1,1,1,1,1,1,1,2
199,Topeka,Kansas,127265,39.055824,-95.689018,2,2,2,2,2,2,2,2
200,Elizabeth,New Jersey,129007,40.663992,-74.210701,0,0,0,0,0,1,0,1
201,Gainesville,Florida,130128,29.651634,-82.324826,0,0,0,0,0,1,0,1
202,Thornton,Colorado,133451,39.868041,-104.971924,0,0,0,0,0,0,0,0
203,Roseville,California,130269,38.752124,-121.288006,0,0,0,0,0,0,0,0
204,Carrollton,Texas,133168,32.975642,-96.889964,0,0,0,0,0,0,0,6
205,Coral Springs,Florida,129485,26.271192,-80.270604,0,0,0,1,0,1,0,1
206,Stamford,Connecticut,128874,41.05343,-73.538734,0,0,0,0,0,0,0,1
207,Simi Valley,California,126788,34.269447,-118.781482,0,0,0,0,0,0,0,0
208,Concord,California,128667,37.977978,-122.031073,0,0,0,0,0,0,0,0
209,Hartford,Connecticut,124006,41.763711,-72.685093,0,0,0,0,0,1,0,1
210,Kent,Washington,126952,47.380933,-122.234843,0,0,0,0,0,0,0,0
211,Lafayette,Louisiana,127657,30.22409,-92.019843,2,4,2,4,2,4,6,11
212,Midland,Texas,132950,31.997346,-102.077915,8,8,8,8,8,9,9,9
213,Surprise,Arizona,128422,33.629234,-112.367928,1,1,1,1,1,1,1,1
214,Denton,Texas,131044,33.214841,-97.133068,1,1,1,1,1,1,1,5
215,Victorville,California,122225,34.536218,-117.292764,0,1,1,1,1,1,1,1
216,Evansville,Indiana,119943,37.971559,-87.57109,3,3,3,3,3,4,5,5
217,Santa Clara,California,126215,37.354108,-121.955236,0,0,0,0,0,0,0,1
218,Abilene,Texas,121721,32.448736,-99.733144,4,4,4,4,4,5,5,7
219,Athens,Georgia,122604,33.951935,-83.357567,1,2,2,2,2,2,2,2
220,Vallejo,California,121253,38.104086,-122.256637,0,0,0,0,0,0,1,1
221,Allentown,Pennsylvania,120207,40.60843,-75.490183,0,0,0,0,0,0,0,0
222,Norman,Oklahoma,120284,35.222567,-97.439478,0,0,0,0,0,5,0,5
223,Beaumont,Texas,118129,30.080174,-94.126556,2,2,2,2,2,2,2,7
224,Independence,Missouri,117255,39.091116,-94.415507,0,0,0,0,0,0,0,0
225,Murfreesboro,Tennessee,126118,35.845621,-86.39027,1,1,1,1,1,3,3,6
226,Ann Arbor,Michigan,117070,42.280826,-83.743038,0,1,0,1,0,1,1,1
227,Springfield,Illinois,116565,39.781721,-89.650148,0,1,0,2,0,2,2,2
228,Berkeley,California,120972,37.871593,-122.272747,0,0,0,0,0,0,0,0
229,Peoria,Illinois,115070,40.693649,-89.588986,0,2,0,2,2,2,2,4
230,Provo,Utah,115264,40.233844,-111.658534,1,1,1,1,1,10,1,10
231,El Monte,California,116732,34.068621,-118.027567,0,0,0,0,0,0,0,0
232,Columbia,Missouri,119108,38.951705,-92.334072,3,4,3,4,3,4,3,4
233,Lansing,Michigan,115056,42.732535,-84.555535,0,0,0,1,0,1,0,1
234,Fargo,North Dakota,118523,46.877186,-96.789803,0,6,0,6,0,7,7,7
235,Downey,California,114219,33.940109,-118.133159,0,0,0,0,0,0,0,0
236,Costa Mesa,California,113204,33.641216,-117.918822,0,0,0,0,0,0,0,0
237,Wilmington,North Carolina,115933,34.225726,-77.94471,0,3,0,3,3,4,3,4
238,Arvada,Colorado,115368,39.802764,-105.087484,0,0,0,0,0,0,0,0
239,Inglewood,California,111666,33.96168,-118.353131,0,0,0,0,0,0,0,0
240,Miami Gardens,Florida,113187,25.942038,-80.245604,0,0,0,0,0,0,0,0
241,Carlsbad,California,113453,33.158093,-117.350594,0,0,0,1,0,1,0,1
242,Westminster,Colorado,113130,39.836653,-105.037205,0,0,0,0,0,0,0,0
243,Rochester,Minnesota,112225,44.012122,-92.480199,2,2,2,2,2,2,2,2
244,Odessa,Texas,118968,31.845682,-102.367643,8,8,8,8,8,9,9,10
245,Manchester,New Hampshire,110229,42.99564,-71.454789,0,0,0,0,1,1,1,1
246,Elgin,Illinois,112111,42.035408,-88.282567,1,1,1,1,1,1,1,1
247,West Jordan,Utah,111946,40.60967,-111.939103,0,0,0,0,0,11,0,11
248,Round Rock,Texas,115997,30.508255,-97.678896,0,0,0,0,0,0,0,3
249,Clearwater,Florida,113003,27.965853,-82.800103,0,0,0,0,0,1,0,1
250,Waterbury,Connecticut,108802,41.558152,-73.051496,0,0,1,1,1,1,1,1
251,Gresham,Oregon,110553,45.500136,-122.430201,0,1,0,1,1,4,1,4
252,Fairfield,California,112970,38.249358,-122.039966,0,0,0,1,0,1,1,1
253,Billings,Montana,110263,45.783286,-108.50069,0,0,0,7,0,10,0,15
254,Lowell,Massachusetts,110699,42.633425,-71.316172,1,1,1,1,1,1,1,1
255,San Buenaventura (Ventura),California,109708,34.274646,-119.229032,0,0,0,0,0,0,0,1
256,Pueblo,Colorado,109412,38.254447,-104.609141,1,3,1,3,1,3,3,3
257,High Point,North Carolina,110268,35.955692,-80.005318,0,1,0,1,0,2,0,2
258,West Covina,California,108484,34.068621,-117.938953,0,0,0,0,0,0,0,0
259,Richmond,California,109708,37.935758,-122.347749,0,0,0,0,0,0,0,0
260,Murrieta,California,109830,33.553914,-117.213923,0,1,0,1,0,1,0,1
261,Cambridge,Massachusetts,110402,42.373616,-71.109733,0,0,0,0,0,0,0,0
262,Antioch,California,110542,38.004921,-121.805789,0,0,0,0,0,1,1,1
263,Temecula,California,112011,33.493639,-117.148365,0,0,0,1,0,1,0,1
264,Norwalk,California,107140,33.902237,-118.081733,0,0,0,0,0,0,0,0
265,Centennial,Colorado,109741,39.580745,-104.877173,0,0,0,0,0,0,0,0
266,Everett,Washington,108010,47.978985,-122.202079,0,0,0,0,0,1,0,1
267,Palm Bay,Florida,107888,28.034462,-80.588665,1,2,1,2,1,2,2,2
268,Wichita Falls,Texas,104710,33.913708,-98.493387,3,3,3,3,3,4,4,4
269,Green Bay,Wisconsin,105207,44.519159,-88.019826,3,3,3,3,3,3,3,8
270,Daly City,California,106562,37.687924,-122.470208,0,0,0,0,0,0,0,0
271,Burbank,California,105319,34.180839,-118.308966,0,0,0,0,0,0,0,0
272,Richardson,Texas,110815,32.948333,-96.729852,0,0,0,0,0,0,0,6
273,Pompano Beach,Florida,107762,26.23786,-80.124767,0,0,0,0,0,0,0,0
274,North Charleston,South Carolina,108304,32.85462,-79.97481,0,3,0,3,4,5,6,6
275,Broken Arrow,Oklahoma,106563,36.060949,-95.797453,0,3,0,3,3,5,3,5
276,Boulder,Colorado,107349,40.014986,-105.270546,0,0,0,0,0,1,0,1
277,West Palm Beach,Florida,106779,26.715342,-80.053375,0,0,0,0,0,1,0,1
278,Santa Maria,California,105093,34.953034,-120.435719,0,1,1,2,1,2,3,4
279,El Cajon,California,103679,32.794773,-116.962527,0,0,0,0,0,0,0,0
280,Davenport,Iowa,102582,41.523644,-90.577637,0,2,2,2,2,2,2,5
281,Rialto,California,103132,34.1064,-117.370323,0,0,0,0,0,0,0,0
282,Las Cruces,New Mexico,101643,32.31994,-106.763654,1,1,1,1,6,6,6,11
283,San Mateo,California,103536,37.562992,-122.325525,0,0,0,0,1,1,1,1
284,Lewisville,Texas,104039,33.046233,-96.994174,0,0,0,0,0,0,0,5
285,South Bend,Indiana,101516,41.676355,-86.25199,2,2,2,2,2,3,3,3
286,Lakeland,Florida,104401,28.039465,-81.949804,0,1,0,1,0,1,0,1
287,Erie,Pennsylvania,99475,42.129224,-80.085059,3,3,3,3,3,3,3,8
288,Tyler,Texas,103700,32.35126,-95.301062,3,3,3,3,3,3,3,6
289,Pearland,Texas,108821,29.563567,-95.286047,0,0,0,0,0,0,0,5
290,College Station,Texas,107889,30.627977,-96.334407,2,2,2,2,3,3,3,3
291,Kenosha,Wisconsin,99858,42.584742,-87.821185,1,1,1,1,1,1,1,1
292,Sandy Springs,Georgia,105330,33.930435,-84.373315,0,0,0,0,0,0,0,0
293,Clovis,California,104180,36.825228,-119.702919,0,0,0,0,0,0,0,3
294,Flint,Michigan,98310,43.012527,-83.687456,0,0,0,0,0,1,0,1
295,Roanoke,Virginia,99897,37.27097,-79.941427,0,3,0,3,4,5,4,5
296,Albany,New York,98469,42.652579,-73.756232,0,0,0,0,0,2,2,3
297,Jurupa Valley,California,100314,33.997197,-117.48548,0,0,0,0,0,0,0,0
298,Compton,California,98462,33.895849,-118.220071,0,0,0,0,0,0,0,0
299,San Angelo,Texas,100450,31.463772,-100.437038,6,6,6,6,6,6,6,6
300,Hillsboro,Oregon,102347,45.522894,-122.989827,0,0,1,1,1,5,1,5
301,Lawton,Oklahoma,96655,34.603567,-98.395929,2,2,2,2,2,5,2,5
302,Renton,Washington,100242,47.482878,-122.217066,0,0,0,0,0,0,0,0
303,Vista,California,100890,33.200037,-117.242536,0,0,1,1,1,1,1,1
304,Davie,Florida,100882,26.076478,-80.252116,0,0,0,0,0,0,0,0
305,Greeley,Colorado,100883,40.423314,-104.709132,0,1,1,2,1,2,2,2
306,Mission Viejo,California,97156,33.596891,-117.658156,0,0,0,0,0,0,0,0
307,Portsmouth,Virginia,96201,36.835426,-76.298274,0,0,0,0,3,6,6,6
308,Dearborn,Michigan,95171,42.32226,-83.176314,0,0,0,0,0,0,0,0
309,South Gate,California,96401,33.954737,-118.212016,0,0,0,0,0,0,0,0
310,Tuscaloosa,Alabama,98332,33.209841,-87.569173,0,1,0,1,0,4,0,4
311,Livonia,Michigan,94635,42.36837,-83.35271,0,0,0,0,0,0,0,0
312,New Bedford,Massachusetts,94958,41.636215,-70.934205,1,1,1,1,1,1,1,1
313,Vacaville,California,96803,38.356577,-121.987744,0,0,0,1,0,1,1,1
314,Brockton,Massachusetts,95314,42.083433,-71.018379,1,1,1,1,1,1,1,1
315,Roswell,Georgia,94501,34.023243,-84.361555,0,0,0,0,0,0,0,0
316,Beaverton,Oregon,96577,45.487062,-122.80371,0,0,0,0,0,4,0,4
317,Quincy,Massachusetts,93618,42.252877,-71.00227,1,1,1,1,1,1,1,1
318,Sparks,Nevada,96094,39.534911,-119.752689,0,3,0,3,0,3,0,3
319,Yakima,Washington,93701,46.602071,-120.505899,0,2,0,2,0,2,0,4
320,Lee's Summit,Missouri,95094,38.910841,-94.382172,0,0,0,0,0,0,0,0
321,Federal Way,Washington,95171,47.322322,-122.312622,0,0,0,0,0,0,0,0
322,Carson,California,93281,33.831674,-118.281693,0,0,0,0,0,0,0,0
323,Santa Monica,California,93220,34.019454,-118.491191,0,0,0,0,0,0,0,0
324,Hesperia,California,93295,34.426389,-117.300878,0,1,1,1,1,1,1,1
325,Allen,Texas,98143,33.103174,-96.67055,0,0,0,0,0,0,0,6
326,Rio Rancho,New Mexico,94171,35.232754,-106.663044,0,0,0,0,0,0,0,12
327,Yuma,Arizona,94139,32.692651,-114.627692,3,5,3,5,3,5,3,5
328,Westminster,California,92114,33.759176,-117.989706,0,0,0,0,0,0,0,0
329,Orem,Utah,94457,40.296898,-111.694648,1,1,1,1,1,10,1,10
330,Lynn,Massachusetts,92457,42.466763,-70.949494,0,1,0,1,0,1,0,1
331,Redding,California,91582,40.58654,-122.391675,0,0,0,2,0,2,5,5
332,Spokane Valley,Washington,94919,47.673228,-117.239375,0,0,0,4,0,4,6,8
333,Miami Beach,Florida,92312,25.790654,-80.130045,0,0,0,0,0,0,0,0
334,League City,Texas,98312,29.507454,-95.09493,0,0,0,0,0,0,0,5
335,Lawrence,Kansas,93917,38.971669,-95.23525,1,1,1,1,1,1,1,1
336,Santa Barbara,California,91842,34.420831,-119.69819,0,1,0,1,0,1,1,2
337,Plantation,Florida,92560,26.127586,-80.233104,0,0,0,0,0,0,0,0
338,Sandy,Utah,93613,40.564978,-111.838973,0,1,0,1,1,11,1,11
339,Sunrise,Florida,92700,26.166971,-80.256595,0,0,0,0,0,0,0,0
340,Macon,Georgia,153515,32.840695,-83.632402,2,2,2,2,2,2,2,3
341,Longmont,Colorado,92088,40.167207,-105.101928,0,0,0,0,0,1,0,1
342,Boca Raton,Florida,93235,26.368306,-80.128932,0,0,0,0,0,0,0,0
343,San Marcos,California,92931,33.143372,-117.166145,0,0,0,1,0,1,0,1
344,Greenville,North Carolina,90597,35.612661,-77.366354,2,2,2,2,2,2,2,3
345,Waukegan,Illinois,88475,42.363633,-87.844794,1,1,1,1,1,1,1,1
346,Fall River,Massachusetts,88777,41.701491,-71.155045,0,0,0,0,0,0,0,1
347,Chico,California,90316,39.728494,-121.837478,0,0,0,0,0,0,3,3
348,Newton,Massachusetts,88817,42.337041,-71.209221,0,0,0,0,0,0,0,0
349,San Leandro,California,90712,37.72493,-122.156077,0,0,0,0,0,0,0,0
350,Reading,Pennsylvania,87879,40.335648,-75.926875,0,1,0,1,2,2,2,2
351,Norwalk,Connecticut,88485,41.117744,-73.408158,0,0,0,1,0,1,0,1
352,Fort Smith,Arkansas,88194,35.385924,-94.398547,2,3,3,4,4,5,4,5
353,Newport Beach,California,87127,33.618883,-117.929849,0,0,0,0,0,0,0,0
354,Asheville,North Carolina,88512,35.595058,-82.551487,0,2,0,2,4,4,4,5
355,Nashua,New Hampshire,87970,42.765366,-71.467566,0,0,0,1,1,1,1,1
356,Edmond,Oklahoma,90092,35.652832,-97.478095,0,0,0,1,0,4,0,4
357,Whittier,California,87438,33.979179,-118.032844,0,0,0,0,0,0,0,1
358,Nampa,Idaho,89839,43.540717,-116.563462,0,1,0,8,8,10,10,11
359,Bloomington,Minnesota,86435,44.840798,-93.29828,0,0,0,0,0,0,0,0
360,Deltona,Florida,88474,28.900545,-81.263674,0,0,0,0,0,0,0,0
361,Hawthorne,California,88451,33.916403,-118.352575,0,0,0,0,0,0,0,0
362,Duluth,Minnesota,86110,46.786672,-92.100485,0,4,0,4,4,4,4,4
363,Carmel,Indiana,88713,39.978371,-86.118043,0,0,0,0,0,3,0,4
364,Suffolk,Virginia,88161,36.728205,-76.583562,1,1,1,1,3,5,5,5
365,Clifton,New Jersey,86334,40.858433,-74.163755,0,0,0,0,0,0,0,0
366,Citrus Heights,California,87056,38.707125,-121.281061,0,0,0,0,0,0,0,0
367,Livermore,California,88126,37.681874,-121.768009,0,0,1,1,1,1,1,1
368,Tracy,California,87075,37.739651,-121.425223,0,0,0,1,0,1,1,1
369,Alhambra,California,85551,34.095287,-118.127015,0,0,0,0,0,0,0,0
370,Kirkland,Washington,87281,47.676893,-122.205983,0,0,0,0,0,0,0,0
371,Trenton,New Jersey,84225,40.217053,-74.742938,0,0,0,0,0,1,1,1
372,Ogden,Utah,85444,41.223,-111.97383,1,1,1,1,1,13,1,12
373,Hoover,Alabama,84848,33.405387,-86.811378,0,1,0,1,1,3,1,3
374,Cicero,Illinois,83886,41.845588,-87.753945,0,0,0,0,0,0,0,0
375,Fishers,Indiana,88658,39.956755,-86.01335,0,0,0,0,0,3,0,4
376,Sugar Land,Texas,88156,29.619679,-95.634946,0,0,0,0,0,0,0,4
377,Danbury,Connecticut,84657,41.394817,-73.454011,0,0,1,1,1,1,1,1
378,Meridian,Idaho,90739,43.612109,-116.391513,0,0,0,8,8,10,10,11
379,Indio,California,87533,33.720577,-116.215562,0,2,0,2,2,2,2,2
380,Concord,North Carolina,87696,35.408752,-80.579511,1,1,1,1,1,1,1,2
381,Menifee,California,87174,33.697147,-117.185294,0,0,0,1,0,1,0,1
382,Champaign,Illinois,86096,40.11642,-88.243383,0,0,0,2,0,2,0,4
383,Buena Park,California,83270,33.867404,-117.998139,0,0,0,0,0,0,0,0
384,Troy,Michigan,83280,42.606409,-83.149775,0,0,0,0,0,0,0,0
385,O'Fallon,Missouri,85040,38.810608,-90.699848,1,1,1,1,1,1,1,1
386,Johns Creek,Georgia,83335,34.028926,-84.198579,0,0,0,1,1,1,1,1
387,Bellingham,Washington,85146,48.751911,-122.478685,0,1,0,1,2,3,2,3
388,Westland,Michigan,82000,42.324204,-83.400211,0,0,0,0,0,0,0,0
389,Bloomington,Indiana,84067,39.165325,-86.526386,0,2,0,2,2,3,2,5
390,Sioux City,Iowa,82821,42.499994,-96.400307,2,2,2,3,3,3,3,8
391,Warwick,Rhode Island,81699,41.700101,-71.416167,0,0,0,0,0,0,0,1
392,Hemet,California,83861,33.74752,-116.971968,0,1,1,1,1,1,1,1
393,Longview,Texas,82287,32.500704,-94.740489,2,3,2,3,2,3,3,6
394,Farmington Hills,Michigan,81330,42.498994,-83.367717,0,0,0,0,0,0,0,0
395,Bend,Oregon,87014,44.058173,-121.31531,0,4,0,4,6,8,6,8
396,Lakewood,California,81611,33.853627,-118.133956,0,0,0,0,0,0,0,0
397,Merced,California,82436,37.302163,-120.482968,1,1,1,1,1,1,1,1
398,Mission,Texas,83298,26.215907,-98.325293,0,7,0,7,0,7,7,9
399,Chino,California,85595,34.012235,-117.688944,0,0,0,0,0,0,0,0
400,Redwood City,California,85288,37.485215,-122.236355,0,0,0,0,0,1,1,1
401,Edinburg,Texas,84497,26.301737,-98.163343,0,6,0,6,0,6,7,8
402,Cranston,Rhode Island,81073,41.779823,-71.43728,0,0,0,0,0,0,0,0
403,Parma,Ohio,79937,41.404774,-81.722909,0,0,0,0,0,1,0,5
404,Lake Forest,California,82492,33.646944,-117.686102,0,0,0,0,0,0,0,0
405,Napa,California,80434,38.297538,-122.286865,0,0,0,1,0,1,1,1
406,Hammond,Indiana,77614,41.583369,-87.500041,0,0,0,0,0,0,0,1
407,Fayetteville,Arkansas,82830,36.082156,-94.171854,0,3,3,5,5,7,5,7
408,Bloomington,Illinois,78292,40.484203,-88.993687,1,1,1,1,1,2,1,4
409,Avondale,Arizona,80684,33.435598,-112.349602,0,0,0,0,0,0,0,1
410,Somerville,Massachusetts,80318,42.387597,-71.099497,0,0,0,0,0,0,0,0
411,Palm Coast,Florida,82893,29.584452,-81.20787,1,1,1,1,1,1,1,1
412,Bryan,Texas,82118,30.674364,-96.369963,2,3,2,3,3,3,3,3
413,Gary,Indiana,77156,41.59337,-87.346427,0,1,0,1,1,1,1,1
414,Largo,Florida,81000,27.909467,-82.787324,0,0,0,0,0,1,0,1
415,Brooklyn Park,Minnesota,79149,45.094132,-93.356341,0,0,0,0,0,0,0,0
416,Tustin,California,80583,33.742001,-117.823639,0,0,0,0,0,0,0,0
417,Racine,Wisconsin,77742,42.726131,-87.782852,1,1,1,1,1,1,1,2
418,Deerfield Beach,Florida,79768,26.318412,-80.099766,0,0,0,0,0,0,0,0
419,Lynchburg,Virginia,79812,37.413754,-79.142246,2,2,2,2,4,4,4,4
420,Mountain View,California,80435,37.386052,-122.083851,0,0,0,0,0,0,0,1
421,Medford,Oregon,79805,42.326515,-122.875595,0,5,5,5,5,7,8,9
422,Lawrence,Massachusetts,80231,42.707035,-71.163114,0,1,0,1,0,1,0,1
423,Bellflower,California,78441,33.881682,-118.117012,0,0,0,0,0,0,0,0
424,Melbourne,Florida,80127,28.083627,-80.608109,2,2,2,2,2,2,2,2
425,St. Joseph,Missouri,76596,39.767458,-94.846681,2,2,2,2,2,2,2,2
426,Camden,New Jersey,76119,39.925946,-75.11962,0,0,0,0,0,0,0,0
427,St. George,Utah,80202,37.096528,-113.568416,3,3,3,3,3,3,3,3
428,Kennewick,Washington,78896,46.211246,-119.137234,0,1,0,3,0,3,3,7
429,Baldwin Park,California,77071,34.085287,-117.960898,0,0,0,0,0,0,0,0
430,Chino Hills,California,78309,33.989819,-117.732585,0,0,0,0,0,0,0,0
431,Alameda,California,78630,37.765206,-122.241636,0,0,0,0,0,0,0,0
432,Albany,Georgia,74843,31.578507,-84.155741,3,3,3,3,5,5,5,6
433,Arlington Heights,Illinois,75926,42.08836,-87.980627,0,0,0,0,0,0,0,0
434,Scranton,Pennsylvania,77118,41.408969,-75.662412,2,2,2,2,2,2,2,2
435,Evanston,Illinois,75527,42.045072,-87.687697,0,0,0,0,0,0,0,0
436,Kalamazoo,Michigan,76041,42.291707,-85.587229,0,1,0,1,0,1,1,2
437,Baytown,Texas,76335,29.735505,-94.977427,0,1,0,1,0,1,0,5
438,Upland,California,76443,34.09751,-117.648388,0,0,0,0,0,0,0,0
439,Springdale,Arkansas,77859,36.186744,-94.128814,0,3,3,5,5,6,5,6
440,Bethlehem,Pennsylvania,74892,40.625932,-75.370458,0,0,0,0,0,0,0,0
441,Schaumburg,Illinois,74693,42.033361,-88.083406,0,0,0,0,0,0,0,0
442,Mount Pleasant,South Carolina,81317,32.832322,-79.828426,0,3,0,3,4,5,6,6
443,Auburn,Washington,77006,47.307323,-122.228453,0,0,0,0,0,0,0,0
444,Decatur,Illinois,73254,39.840315,-88.9548,0,1,1,1,1,1,1,4
445,San Ramon,California,76134,37.779927,-121.978015,0,0,0,0,0,0,0,1
446,Pleasanton,California,79510,37.662431,-121.874679,0,0,0,0,1,1,1,1
447,Wyoming,Michigan,75275,42.91336,-85.705309,0,0,0,1,0,1,0,2
448,Lake Charles,Louisiana,76070,30.226595,-93.217376,4,4,4,4,4,4,4,9
449,Plymouth,Minnesota,75907,45.010519,-93.455509,0,0,0,0,0,0,0,0
450,Bolingbrook,Illinois,74306,41.698642,-88.068395,0,0,0,0,0,0,1,1
451,Pharr,Texas,76538,26.194796,-98.183622,0,6,0,6,0,6,7,9
452,Appleton,Wisconsin,74139,44.261931,-88.415385,3,3,3,3,3,3,3,5
453,Gastonia,North Carolina,74543,35.262082,-81.1873,0,1,0,1,0,1,1,3
454,Folsom,California,76375,38.677959,-121.176058,0,0,0,0,0,0,0,0
455,Southfield,Michigan,73156,42.473369,-83.221873,0,0,0,0,0,0,0,0
456,Rochester Hills,Michigan,73424,42.658366,-83.149932,0,0,0,0,0,0,0,0
457,New Britain,Connecticut,72808,41.66121,-72.779542,0,0,0,0,0,1,0,1
458,Goodyear,Arizona,79003,33.435339,-112.357657,0,0,0,0,0,0,0,1
459,Canton,Ohio,71885,40.798947,-81.378447,0,1,0,1,0,2,2,7
460,Warner Robins,Georgia,73490,32.613001,-83.624201,3,3,3,3,3,3,3,3
461,Union City,California,74494,37.593392,-122.04383,0,0,0,0,0,0,0,0
462,Perris,California,74971,33.782519,-117.228648,0,0,0,0,0,0,0,0
463,Manteca,California,75448,37.797427,-121.216053,0,0,0,0,0,0,0,2
464,Iowa City,Iowa,74220,41.661128,-91.530168,0,0,0,0,0,0,0,6
465,Jonesboro,Arkansas,73907,35.842297,-90.704279,2,2,2,2,4,7,4,7
466,Wilmington,Delaware,71948,39.739072,-75.539788,0,0,0,1,1,1,1,1
467,Lynwood,California,71989,33.930293,-118.21146,0,0,0,0,0,0,0,0
468,Loveland,Colorado,75182,40.397761,-105.07498,0,0,0,1,0,1,1,1
469,Pawtucket,Rhode Island,71591,41.878711,-71.382556,0,0,0,0,0,0,0,0
470,Boynton Beach,Florida,73966,26.531787,-80.090547,0,0,0,0,0,0,0,0
471,Waukesha,Wisconsin,71970,43.011678,-88.231481,0,0,0,0,0,0,0,2
472,Gulfport,Mississippi,71856,30.36742,-89.092816,2,2,2,2,2,4,7,11
473,Apple Valley,California,72174,34.500831,-117.185876,0,1,1,1,1,1,1,1
474,Passaic,New Jersey,71085,40.856766,-74.128476,0,0,0,0,0,0,0,0
475,Rapid City,South Dakota,73569,44.080543,-103.231015,9,10,9,10,10,10,10,11
476,Layton,Utah,74143,41.060222,-111.971053,0,1,0,1,1,13,1,12
477,Lafayette,Indiana,71111,40.416702,-86.875287,0,1,1,2,2,3,2,3
478,Turlock,California,72292,37.494657,-120.846594,0,0,0,1,0,1,0,2
479,Muncie,Indiana,70087,40.193377,-85.38636,2,2,2,2,2,3,2,3
480,Temple,Texas,72277,31.098234,-97.342782,1,1,1,1,1,2,2,4
481,Missouri City,Texas,74139,29.618567,-95.537722,0,0,0,0,0,0,0,4
482,Redlands,California,71035,34.055569,-117.182538,0,0,0,0,0,0,0,0
483,Santa Fe,New Mexico,84099,35.686975,-105.937799,0,2,2,2,2,2,2,11
484,Lauderhill,Florida,71579,26.140363,-80.213381,0,0,0,0,0,0,0,0
485,Milpitas,California,77604,37.432334,-121.899574,0,0,0,0,0,0,0,1
486,Palatine,Illinois,69308,42.110304,-88.03424,0,0,0,0,0,0,0,0
487,Missoula,Montana,71022,46.878718,-113.996586,0,3,0,3,0,6,10,12
488,Rock Hill,South Carolina,71548,34.924867,-81.025078,0,1,0,1,0,1,1,3
489,Jacksonville,North Carolina,67357,34.754052,-77.430241,2,3,2,3,3,4,3,4
490,Franklin,Tennessee,72639,35.925064,-86.86889,0,0,0,0,0,3,3,6
491,Flagstaff,Arizona,70320,35.198284,-111.651302,0,4,4,4,4,4,4,4
492,Flower Mound,Texas,71253,33.014567,-97.096955,1,1,1,1,1,1,1,5
493,Weston,Florida,69959,26.100365,-80.399775,0,1,0,1,0,1,0,1
494,Waterloo,Iowa,68460,42.492786,-92.342577,0,2,2,2,2,2,2,6
495,Union City,New Jersey,69156,40.779545,-74.023751,0,0,0,0,0,0,0,0
496,Fort Myers,Florida,74013,26.640628,-81.872308,0,0,0,0,0,0,0,2
497,Dothan,Alabama,68567,31.223231,-85.390489,3,3,3,3,6,6,6,7
498,Rancho Cordova,California,71017,38.589072,-121.302728,0,0,0,0,0,0,0,0
499,Redondo Beach,California,68166,33.849182,-118.388408,0,0,0,0,0,0,0,0
500,Jackson,Tennessee,66975,35.614517,-88.813947,2,2,2,2,3,6,6,7
501,Pasco,Washington,69451,46.239579,-119.100566,0,1,0,3,0,3,3,7
502,St. Charles,Missouri,68796,38.788106,-90.497436,1,1,1,1,1,1,1,1
503,Eau Claire,Wisconsin,67778,44.811349,-91.498494,2,2,2,2,2,2,2,2
504,North Richland Hills,Texas,69204,32.834295,-97.228903,0,0,0,0,0,1,1,5
505,Bismarck,North Dakota,71167,46.808327,-100.783739,5,11,5,11,5,11,11,12
506,Yorba Linda,California,67973,33.888504,-117.813257,0,0,0,0,0,0,0,0
507,Kenner,Louisiana,67091,29.994092,-90.241743,0,2,0,2,0,2,8,10
508,Walnut Creek,California,68910,37.910078,-122.065182,0,0,0,0,0,0,0,0
509,Frederick,Maryland,69479,39.414269,-77.410541,0,1,1,1,1,1,1,1
510,Oshkosh,Wisconsin,66555,44.024706,-88.542614,2,2,2,2,2,2,2,4
511,Pittsburg,California,69424,38.027976,-121.884681,0,0,0,0,0,1,1,1
512,Palo Alto,California,66853,37.441883,-122.143019,0,0,0,0,0,0,0,1
513,Bossier City,Louisiana,68094,32.515985,-93.732123,0,5,0,5,0,5,5,6
514,Portland,Maine,66881,43.661471,-70.255326,0,1,0,1,0,2,2,3
515,St. Cloud,Minnesota,67109,45.557945,-94.16324,2,2,2,2,2,2,2,2
516,Davis,California,67666,38.544907,-121.740517,0,0,0,1,0,1,1,1
517,South San Francisco,California,67271,37.654656,-122.40775,0,0,0,0,0,0,0,0
518,Camarillo,California,67608,34.216394,-119.037602,0,0,0,0,0,0,0,1
519,North Little Rock,Arkansas,66504,34.769536,-92.267094,0,0,0,4,0,6,0,9
520,Schenectady,New York,65305,42.814243,-73.939569,0,0,0,0,0,3,3,4
521,Gaithersburg,Maryland,67456,39.143441,-77.20137,0,0,0,0,0,0,0,1
522,Harlingen,Texas,65774,26.190631,-97.696103,1,7,1,7,1,7,7,9
523,Woodbury,Minnesota,67855,44.923855,-92.95938,0,0,0,0,0,0,0,0
524,Eagan,Minnesota,66286,44.804132,-93.166886,0,0,0,0,0,0,0,0
525,Yuba City,California,66941,39.140448,-121.616911,0,1,1,1,1,1,1,1
526,Maple Grove,Minnesota,68385,45.072464,-93.455788,0,0,0,0,0,0,0,0
527,Youngstown,Ohio,64628,41.09978,-80.649519,1,1,1,1,1,2,2,7
528,Skokie,Illinois,64821,42.032403,-87.741625,0,0,0,0,0,0,0,0
529,Kissimmee,Florida,69152,28.291956,-81.407571,0,1,0,1,0,1,0,1
530,Johnson City,Tennessee,66027,36.31344,-82.353473,1,2,1,2,6,6,6,6
531,Victoria,Texas,67574,28.805267,-97.003598,3,3,3,3,3,3,4,4
532,San Clemente,California,65526,33.427352,-117.6126,0,0,1,1,1,1,1,1
533,Bayonne,New Jersey,66311,40.668714,-74.114309,0,0,0,0,0,0,0,0
534,Laguna Niguel,California,65806,33.523674,-117.714944,0,0,0,1,0,1,0,1
535,East Orange,New Jersey,64949,40.767323,-74.204868,0,0,0,0,0,1,0,1
536,Shawnee,Kansas,65046,39.022848,-94.715187,0,0,0,0,0,0,0,0
537,Homestead,Florida,66498,25.468722,-80.477557,0,1,0,1,0,1,0,1
538,Rockville,Maryland,66980,39.083997,-77.152758,0,0,0,0,0,0,0,0
539,Delray Beach,Florida,66255,26.461462,-80.07282,0,0,0,0,0,0,0,0
540,Janesville,Wisconsin,64123,42.682789,-89.018722,1,2,1,2,1,2,2,3
541,Conway,Arkansas,64980,35.088696,-92.442101,1,1,1,4,1,7,1,9
542,Pico Rivera,California,64218,33.983069,-118.096735,0,0,0,0,0,0,0,0
543,Lorain,Ohio,63647,41.452819,-82.182375,1,1,1,1,1,2,1,5
544,Montebello,California,63921,34.016505,-118.113754,0,0,0,0,0,0,0,0
545,Lodi,California,64596,38.134148,-121.272219,0,0,0,1,0,1,1,1
546,New Braunfels,Texas,70543,29.703002,-98.124453,1,1,1,1,1,1,1,1
547,Marysville,Washington,66773,48.051764,-122.177082,0,0,0,1,1,1,1,1
548,Tamarac,Florida,64681,26.212861,-80.249771,0,0,0,0,0,0,0,0
549,Madera,California,64208,36.961336,-120.060718,0,0,0,0,0,0,0,2
550,Conroe,Texas,68602,30.311877,-95.456051,0,1,0,1,1,1,1,5
551,Santa Cruz,California,64220,36.974117,-122.030796,0,0,0,1,1,1,1,2
552,Eden Prairie,Minnesota,63496,44.854686,-93.470786,0,0,0,0,0,0,0,0
553,Cheyenne,Wyoming,63335,41.139981,-104.820246,1,2,1,3,1,3,3,3
554,Daytona Beach,Florida,64736,29.210815,-81.022833,1,1,1,1,1,1,1,1
555,Alpharetta,Georgia,63693,34.075376,-84.29409,0,0,0,0,0,1,0,1
556,Hamilton,Ohio,62407,39.399501,-84.561335,0,1,0,1,1,1,1,3
557,Waltham,Massachusetts,63378,42.376485,-71.235611,0,0,0,0,0,0,0,0
558,Coon Rapids,Minnesota,62240,45.173239,-93.303006,0,0,0,0,0,0,0,0
559,Haverhill,Massachusetts,62765,42.776201,-71.07728,0,1,0,1,0,1,0,1
560,Council Bluffs,Iowa,62597,41.261944,-95.860833,0,0,0,0,0,0,0,5
561,Taylor,Michigan,61568,42.240872,-83.269651,0,0,0,0,0,0,0,0
562,Utica,New York,61100,43.100903,-75.232664,0,1,0,1,2,5,5,6
563,Ames,Iowa,65060,42.030781,-93.631913,0,1,1,4,1,4,4,5
564,La Habra,California,62131,33.931859,-117.946137,0,0,0,0,0,0,0,0
565,Encinitas,California,62930,33.036987,-117.291982,0,0,0,0,0,0,0,0
566,Bowling Green,Kentucky,63616,36.968522,-86.480804,2,2,2,2,2,3,5,7
567,Burnsville,Minnesota,61481,44.767742,-93.277723,0,0,0,0,0,0,0,0
568,Greenville,South Carolina,64579,34.852618,-82.39401,0,2,0,2,3,3,3,4
569,West Des Moines,Iowa,64113,41.577211,-93.711332,0,1,0,3,0,3,3,4
570,Cedar Park,Texas,65945,30.505198,-97.820289,0,0,0,0,0,0,0,3
571,Tulare,California,62315,36.207729,-119.347338,1,1,1,1,1,1,1,2
572,Monterey Park,California,61468,34.062511,-118.122848,0,0,0,0,0,0,0,0
573,Vineland,New Jersey,60818,39.486377,-75.025964,1,1,1,1,1,1,1,1
574,Terre Haute,Indiana,60825,39.466703,-87.413909,2,2,2,2,2,3,2,3
575,North Miami,Florida,62435,25.890095,-80.186714,0,0,0,0,0,0,0,0
576,Mansfield,Texas,64274,32.563192,-97.141677,0,0,0,0,1,1,1,5
577,West Allis,Wisconsin,60620,43.016681,-88.007031,0,0,0,0,0,0,0,2
578,Bristol,Connecticut,60452,41.671765,-72.94927,0,0,0,0,0,1,0,1
579,Taylorsville,Utah,60514,40.667725,-111.938826,0,0,0,0,0,11,0,11
580,Malden,Massachusetts,61068,42.425096,-71.066163,0,0,0,0,0,0,0,0
581,Meriden,Connecticut,59988,41.538153,-72.807043,0,0,0,0,0,0,0,1
582,Blaine,Minnesota,62124,45.160799,-93.234949,0,0,0,0,0,0,0,0
583,Wellington,Florida,62560,26.661763,-80.268357,0,0,0,0,0,1,0,1
584,Cupertino,California,60572,37.322998,-122.032182,0,0,0,0,0,0,0,1
585,Springfield,Oregon,60870,44.046236,-123.022029,0,2,0,2,3,7,3,7
586,Rogers,Arkansas,63159,36.33202,-94.118537,1,4,4,6,6,6,6,6
587,St. Clair Shores,Michigan,59903,42.497408,-82.89636,0,0,0,0,0,0,0,0
588,Gardena,California,60447,33.888349,-118.308962,0,0,0,0,0,0,0,0
589,Pontiac,Michigan,59917,42.638922,-83.291047,0,0,0,0,0,0,0,0
590,National City,California,61060,32.678109,-117.099197,0,0,0,0,0,0,0,0
591,Grand Junction,Colorado,60358,39.063871,-108.550649,2,6,7,8,7,7,7,8
592,Rocklin,California,61213,38.790734,-121.235783,0,0,0,0,0,0,0,0
593,Chapel Hill,North Carolina,59568,35.9132,-79.055845,0,0,0,0,0,0,0,1
594,Casper,Wyoming,60285,42.866632,-106.313081,6,6,6,7,6,7,7,7
595,Broomfield,Colorado,65065,39.920541,-105.08665,0,0,0,0,0,0,0,0
596,Petaluma,California,60438,38.232417,-122.636652,0,0,0,0,1,1,1,1
597,South Jordan,Utah,66648,40.56217,-111.929658,0,0,0,0,0,11,0,11
598,Springfield,Ohio,59680,39.924227,-83.808817,1,2,1,2,1,2,1,3
599,Great Falls,Montana,59638,47.494184,-111.283345,2,5,2,5,5,6,6,16
600,Lancaster,Pennsylvania,59339,40.037875,-76.305514,1,1,1,1,2,2,2,2
601,North Port,Florida,62345,27.044224,-82.235925,0,1,0,1,0,1,1,1
602,Lakewood,Washington,59829,47.171765,-122.518458,0,0,0,0,0,0,0,1
603,Marietta,Georgia,59067,33.952602,-84.549933,0,0,0,0,0,0,0,0
604,San Rafael,California,59162,37.973535,-122.531087,0,0,0,0,0,1,0,1
605,Royal Oak,Michigan,59008,42.48948,-83.144649,0,0,0,0,0,0,0,0
606,Des Plaines,Illinois,58677,42.033362,-87.883399,0,0,0,0,0,0,0,0
607,Huntington Park,California,59430,33.981681,-118.225072,0,0,0,0,0,0,0,0
608,La Mesa,California,60089,32.767829,-117.023084,0,0,0,0,0,0,0,0
609,Orland Park,Illinois,58619,41.63031,-87.853943,0,1,0,1,0,1,1,1
610,Auburn,Alabama,62059,32.609857,-85.480782,1,1,1,1,3,3,3,3
611,Lakeville,Minnesota,60633,44.649687,-93.24272,1,1,1,1,1,1,1,1
612,Owensboro,Kentucky,59042,37.771907,-87.111168,3,4,3,4,3,4,6,6
613,Moore,Oklahoma,60451,35.339508,-97.486703,0,0,0,0,0,4,0,4
614,Jupiter,Florida,62707,26.934225,-80.094209,0,1,0,1,0,1,0,1
615,Idaho Falls,Idaho,59184,43.491651,-112.033964,3,4,3,6,6,8,6,11
616,Dubuque,Iowa,58799,42.500558,-90.664572,2,3,3,3,3,3,3,5
617,Bartlett,Tennessee,58579,35.204533,-89.873975,0,0,0,0,4,5,4,7
618,Rowlett,Texas,60236,32.902902,-96.56388,0,0,0,0,0,0,0,6
619,Novi,Michigan,58723,42.48059,-83.475491,0,0,0,0,0,0,0,0
620,White Plains,New York,58459,41.033986,-73.76291,0,0,0,0,0,0,0,0
621,Arcadia,California,58408,34.139729,-118.035345,0,0,0,0,0,0,0,0
622,Redmond,Washington,60598,47.673988,-122.121512,0,0,0,0,0,0,0,0
623,Lake Elsinore,California,61981,33.668077,-117.327262,0,0,0,0,0,0,0,0
624,Tinley Park,Illinois,57143,41.573144,-87.793294,0,0,0,0,0,0,1,1
625,Port Orange,Florida,59866,29.138316,-80.99561,1,1,1,1,1,1,1,1
626,Medford,Massachusetts,57403,42.41843,-71.106164,0,0,0,0,0,0,0,0
627,Oak Lawn,Illinois,56781,41.719978,-87.747953,0,0,0,0,0,0,1,1
628,Rocky Mount,North Carolina,55806,35.93821,-77.790534,1,2,1,2,1,2,1,2
629,Kokomo,Indiana,57995,40.486427,-86.133603,1,1,1,2,2,5,2,5
630,Coconut Creek,Florida,59302,26.251748,-80.178935,0,0,0,0,0,0,0,0
631,Bowie,Maryland,58025,39.006777,-76.779136,0,0,0,0,0,0,0,0
632,Berwyn,Illinois,56368,41.850587,-87.793668,0,0,0,0,0,0,0,1
633,Midwest City,Oklahoma,57249,35.449506,-97.396702,0,0,0,1,0,4,0,4
634,Fountain Valley,California,56987,33.709021,-117.954407,0,0,0,0,0,0,0,0
635,Buckeye,Arizona,62138,33.37032,-112.583777,1,1,1,1,1,1,1,1
636,Dearborn Heights,Michigan,56145,42.336982,-83.273263,0,0,0,0,0,0,0,0
637,Woodland,California,58567,38.678516,-121.773297,0,0,1,1,1,1,1,1
638,Noblesville,Indiana,59093,40.045592,-86.008595,1,1,1,1,1,4,1,4
639,Valdosta,Georgia,55724,30.832702,-83.278485,3,3,3,3,3,3,3,3
640,Diamond Bar,California,56897,34.028623,-117.810337,0,0,0,0,0,0,0,0
641,Manhattan,Kansas,56308,39.183608,-96.571669,3,3,3,3,3,3,3,3
642,Santee,California,57787,32.838383,-116.973917,0,0,0,0,0,0,0,0
643,Taunton,Massachusetts,56789,41.900101,-71.089767,0,1,0,1,0,1,0,1
644,Sanford,Florida,58111,28.802861,-81.269453,0,0,0,0,0,0,0,0
645,Kettering,Ohio,55525,39.689504,-84.168827,0,1,0,1,0,1,0,3
646,New Brunswick,New Jersey,57035,40.486216,-74.451819,0,0,0,1,0,1,0,1
647,Decatur,Alabama,55437,34.605925,-86.983342,1,2,1,2,1,3,1,4
648,Chicopee,Massachusetts,56741,42.148704,-72.607867,0,0,0,1,0,1,0,1
649,Anderson,Indiana,55305,40.10532,-85.680254,1,1,1,1,1,4,1,4
650,Margate,Florida,57234,26.244526,-80.206436,0,0,0,0,0,0,0,0
651,Weymouth,Massachusetts,55957,42.218072,-70.941036,1,1,1,1,1,1,1,1
652,Hempstead,New York,55547,40.706213,-73.61874,0,0,0,0,0,0,0,0
653,Corvallis,Oregon,55780,44.564566,-123.262044,1,1,1,1,3,7,3,7
654,Eastvale,California,59039,33.952463,-117.584802,0,0,0,0,0,0,0,0
655,Porterville,California,56058,36.06523,-119.016768,1,2,1,2,1,2,1,2
656,West Haven,Connecticut,54927,41.270548,-72.946971,0,0,0,1,0,1,1,1
657,Brentwood,California,58968,37.931868,-121.695786,0,0,1,1,1,1,1,1
658,Paramount,California,55412,33.88946,-118.159791,0,0,0,0,0,0,0,0
659,Grand Forks,North Dakota,57011,47.925257,-97.032855,2,9,2,9,2,9,9,9
660,Georgetown,Texas,63716,30.633262,-97.677984,0,1,0,1,0,1,1,3
661,St. Peters,Missouri,56971,38.78747,-90.629892,1,1,1,1,1,1,1,1
662,Shoreline,Washington,55439,47.755966,-122.345697,0,0,0,0,0,0,0,0
663,Mount Prospect,Illinois,54747,42.066417,-87.937291,0,0,0,0,0,0,0,0
664,Hanford,California,55659,36.32745,-119.645684,1,1,1,1,1,1,1,2
665,Normal,Illinois,54373,40.514203,-88.990631,1,1,1,2,2,2,2,4
666,Rosemead,California,54908,34.080565,-118.072846,0,0,0,0,0,0,0,0
667,Lehi,Utah,58486,40.391617,-111.850766,1,1,1,1,1,10,1,10
668,Pocatello,Idaho,54441,42.871303,-112.445534,3,4,4,4,4,10,4,12
669,Highland,California,54854,34.128344,-117.208651,0,0,0,0,0,0,0,0
670,Novato,California,55530,38.10742,-122.569703,0,1,0,1,1,1,1,1
671,Port Arthur,Texas,55340,29.88495,-93.939947,2,2,2,2,2,2,2,7
672,Carson City,Nevada,54521,39.163798,-119.767403,1,4,1,4,1,4,1,4
673,San Marcos,Texas,60684,29.883275,-97.941394,0,1,0,1,0,1,1,1
674,Hendersonville,Tennessee,56018,36.304774,-86.619996,0,1,0,1,0,4,4,7
675,Elyria,Ohio,53775,41.36838,-82.107649,1,1,1,1,1,1,1,5
676,Revere,Massachusetts,53422,42.40843,-71.011995,0,0,0,0,0,0,0,0
677,Pflugerville,Texas,57122,30.454845,-97.622266,0,0,0,0,0,0,0,3
678,Greenwood,Indiana,55586,39.613658,-86.106653,0,0,0,0,0,3,0,4
679,Bellevue,Nebraska,55510,41.154362,-95.914557,0,0,0,0,0,0,0,5
680,Wheaton,Illinois,53715,41.86614,-88.107013,0,0,0,0,0,0,1,1
681,Smyrna,Georgia,56146,33.883993,-84.514376,0,0,0,0,0,0,0,0
682,Sarasota,Florida,55118,27.336435,-82.530653,0,0,0,0,0,1,0,1
683,Blue Springs,Missouri,54148,39.016951,-94.281615,0,0,0,0,0,0,0,0
684,Colton,California,54621,34.073902,-117.313655,0,0,0,0,0,0,0,0
685,Euless,Texas,54219,32.837073,-97.081954,0,0,0,0,0,0,0,6
686,Castle Rock,Colorado,55591,39.372212,-104.85609,0,0,0,1,0,1,0,1
687,Cathedral City,California,53826,33.780539,-116.466804,0,2,0,2,2,2,2,2
688,Kingsport,Tennessee,53014,36.548434,-82.561819,1,2,1,2,6,6,6,6
689,Lake Havasu City,Arizona,53553,34.483901,-114.322455,4,4,4,5,4,5,5,5
690,Pensacola,Florida,53193,30.421309,-87.216915,0,2,0,2,5,8,8,9
691,Hoboken,New Jersey,53635,40.743991,-74.032363,0,0,0,0,0,0,0,0
692,Yucaipa,California,53328,34.033625,-117.043087,0,0,0,0,0,0,0,0
693,Watsonville,California,53628,36.910231,-121.756895,0,0,0,1,1,1,1,3
694,Richland,Washington,54248,46.285691,-119.284462,0,2,0,2,0,2,2,6
695,Delano,California,52733,35.768842,-119.247054,1,2,1,2,1,2,1,2
696,Hoffman Estates,Illinois,52138,42.062992,-88.12272,0,0,0,0,0,0,0,0
697,Florissant,Missouri,52268,38.789217,-90.322614,0,0,0,0,0,0,0,0
698,Placentia,California,52495,33.871073,-117.862755,0,0,0,0,0,0,0,0
699,West New York,New Jersey,53366,40.787879,-74.014306,0,0,0,0,0,0,0,0
700,Dublin,California,57721,37.702152,-121.935792,0,0,0,0,0,0,0,0
701,Oak Park,Illinois,52287,41.885032,-87.784503,0,0,0,0,0,0,0,0
702,Peabody,Massachusetts,52504,42.527873,-70.928661,0,1,0,1,0,1,0,1
703,Perth Amboy,New Jersey,52682,40.506772,-74.265423,0,0,0,0,0,1,0,1
704,Battle Creek,Michigan,51589,42.321152,-85.179714,1,1,1,1,1,1,1,2
705,Bradenton,Florida,54437,27.498928,-82.574819,0,1,0,1,1,1,1,1
706,Gilroy,California,53231,37.005782,-121.568275,0,0,1,1,1,1,1,2
707,Milford,Connecticut,52087,41.22232,-73.0565,0,0,0,1,0,1,1,1
708,Albany,Oregon,52175,44.636511,-123.105928,1,1,1,1,2,6,2,6
709,Ankeny,Iowa,56764,41.731788,-93.600128,0,0,0,3,0,3,3,4
710,La Crosse,Wisconsin,52306,43.801356,-91.239581,4,4,4,4,4,4,4,4
711,Burlington,North Carolina,52472,36.095692,-79.437799,0,1,0,1,0,1,0,1
712,DeSoto,Texas,52486,32.5897,-96.857074,0,1,0,1,1,1,1,5
713,Harrisonburg,Virginia,52538,38.449569,-78.868915,2,3,2,3,3,3,4,4
714,Minnetonka,Minnesota,51669,44.921184,-93.468749,0,0,0,0,0,0,0,0
715,Elkhart,Indiana,52348,41.681993,-85.976667,2,3,2,3,2,3,3,3
716,Lakewood,Ohio,50656,41.481993,-81.798191,0,0,0,0,0,1,0,5
717,Glendora,California,52009,34.136119,-117.865339,0,0,0,0,0,0,0,1
718,Southaven,Mississippi,52589,34.991859,-90.002296,0,0,0,0,4,5,4,7
719,Joplin,Missouri,51818,37.084227,-94.513281,3,3,3,4,4,4,4,4
720,Enid,Oklahoma,51776,36.395589,-97.878391,2,3,3,3,3,3,3,3
721,Palm Beach Gardens,Florida,52923,26.823395,-80.138655,0,0,0,0,0,1,0,1
722,Brookhaven,Georgia,51910,33.865103,-84.336592,0,0,0,0,0,0,0,0
723,Plainfield,New Jersey,51217,40.633714,-74.407374,0,0,0,0,0,1,0,1
724,Grand Island,Nebraska,51440,40.926396,-98.342012,3,4,3,4,3,4,4,8
725,Palm Desert,California,51869,33.722245,-116.374456,0,2,0,2,2,2,2,2
726,Huntersville,North Carolina,52704,35.410694,-80.84285,0,0,0,0,0,0,0,2
727,Tigard,Oregon,51253,45.431229,-122.771486,0,0,0,0,0,4,0,4
728,Lenexa,Kansas,52490,38.953617,-94.733571,0,0,0,0,0,0,0,0
729,Kentwood,Michigan,51357,42.869473,-85.644749,0,0,0,1,0,1,0,2
730,Doral,Florida,56035,25.819542,-80.35533,0,0,0,0,0,0,0,0
731,Apple Valley,Minnesota,51221,44.731909,-93.21772,0,0,0,0,0,0,0,0
732,Grapevine,Texas,51404,32.934292,-97.078065,0,0,0,0,0,0,0,5
733,Aliso Viejo,California,50195,33.568461,-117.726298,0,0,0,0,0,0,0,0
734,Sammamish,Washington,52253,47.616268,-122.035574,0,1,0,1,1,1,1,1
735,Casa Grande,Arizona,51460,32.911003,-111.77339,1,1,1,1,1,1,1,2
736,Pinellas Park,Florida,51617,27.842803,-82.699544,0,0,0,0,0,0,0,0
737,West Sacramento,California,52721,38.580461,-121.530234,0,0,0,0,0,0,0,0
738,Burien,Washington,50467,47.466838,-122.34053,0,0,0,0,0,0,0,0
739,Commerce City,Colorado,53696,39.80832,-104.933868,0,0,0,0,0,0,0,0
740,Coral Gables,Florida,51117,25.72149,-80.268384,0,0,0,0,0,0,0,0
741,Poway,California,50157,32.962823,-117.035865,0,0,0,1,0,0,0,0
742,Edina,Minnesota,50138,44.889687,-93.349949,0,0,0,0,0,0,0,0
743,Caldwell,Idaho,51686,43.662938,-116.68736,0,1,0,8,8,10,10,10
744,Logan,Utah,50371,41.73698,-111.833836,2,2,2,2,2,13,2,14
745,Galveston,Texas,50180,29.301348,-94.797696,1,1,1,1,1,1,1,6
746,Olympia,Washington,50302,47.037874,-122.900695,0,0,0,1,1,1,1,1
747,Leesburg,Virginia,51209,39.115662,-77.563601,1,1,1,1,1,1,1,1
748,Bonita Springs,Florida,51704,26.339806,-81.778697,0,1,0,1,1,1,1,3
